/*
 Navicat MySQL Data Transfer

 Source Server         : localhost
 Source Server Type    : MySQL
 Source Server Version : 80036
 Source Host           : localhost:3306
 Source Schema         : fetchbee

 Target Server Type    : MySQL
 Target Server Version : 80036
 File Encoding         : 65001

 Date: 24/11/2025 17:03:33
*/

SET NAMES utf8mb4;
SET FOREIGN_KEY_CHECKS = 0;

-- ----------------------------
-- Table structure for balance_record
-- ----------------------------
DROP TABLE IF EXISTS `balance_record`;
CREATE TABLE `balance_record`  (
  `id` bigint(0) NOT NULL AUTO_INCREMENT COMMENT '记录ID',
  `user_id` bigint(0) NOT NULL COMMENT '用户ID',
  `amount` decimal(10, 2) NOT NULL COMMENT '变动金额（正数为收入，负数为支出）',
  `balance_before` decimal(10, 2) NOT NULL COMMENT '变动前余额',
  `balance_after` decimal(10, 2) NOT NULL COMMENT '变动后余额',
  `type` tinyint(0) NOT NULL COMMENT '类型：1-充值，2-发布订单扣款，3-完成订单收入，4-订单退款',
  `order_id` bigint(0) NULL DEFAULT NULL COMMENT '关联订单ID（如果有）',
  `remark` varchar(255) CHARACTER SET utf8mb4 COLLATE utf8mb4_unicode_ci NULL DEFAULT NULL COMMENT '备注',
  `create_time` datetime(0) NOT NULL DEFAULT CURRENT_TIMESTAMP(0) COMMENT '创建时间',
  PRIMARY KEY (`id`) USING BTREE,
  INDEX `idx_user_id`(`user_id`) USING BTREE,
  INDEX `idx_order_id`(`order_id`) USING BTREE,
  CONSTRAINT `balance_record_ibfk_1` FOREIGN KEY (`user_id`) REFERENCES `user` (`id`) ON DELETE CASCADE ON UPDATE RESTRICT
) ENGINE = InnoDB AUTO_INCREMENT = 44 CHARACTER SET = utf8mb4 COLLATE = utf8mb4_unicode_ci COMMENT = '余额变动记录表' ROW_FORMAT = Dynamic;

-- ----------------------------
-- Records of balance_record
-- ----------------------------
INSERT INTO `balance_record` VALUES (1, 2, -7.00, 50.00, 43.00, 2, 1, '发布订单：FO20251022191615a01dc9', '2025-10-22 19:16:15');
INSERT INTO `balance_record` VALUES (2, 3, 7.00, 50.00, 57.00, 3, 1, '完成订单收入：FO20251022191615a01dc9', '2025-10-22 19:27:42');
INSERT INTO `balance_record` VALUES (3, 2, -10.00, 43.00, 33.00, 2, 2, '发布订单：FO202510221930321bcc6a', '2025-10-22 19:30:32');
INSERT INTO `balance_record` VALUES (4, 2, 10.00, 33.00, 43.00, 4, 2, '取消订单退款：FO202510221930321bcc6a', '2025-10-22 19:31:25');
INSERT INTO `balance_record` VALUES (5, 2, -11.00, 43.00, 32.00, 2, 3, '发布订单：FO20251022193216847c36', '2025-10-22 19:32:16');
INSERT INTO `balance_record` VALUES (6, 2, -1.00, 1.00, 0.00, 2, 4, '发布订单：FO20251022193453b2f9b2', '2025-10-22 19:34:53');
INSERT INTO `balance_record` VALUES (7, 4, -10.00, 15.00, 5.00, 2, 5, '发布订单：FO20251024164537583992', '2025-10-24 16:45:37');
INSERT INTO `balance_record` VALUES (8, 4, -1.00, 5.00, 4.00, 2, 6, '发布订单：FO202510241739493b31cd', '2025-10-24 17:39:49');
INSERT INTO `balance_record` VALUES (9, 4, 1.00, 4.00, 5.00, 4, 6, '取消订单退款：FO202510241739493b31cd', '2025-10-24 17:39:53');
INSERT INTO `balance_record` VALUES (10, 4, -0.50, 5.00, 4.50, 2, 7, '发布订单：FO20251024174107535292', '2025-10-24 17:41:07');
INSERT INTO `balance_record` VALUES (13, 4, -1.00, 4.50, 3.50, 2, 8, '发布订单：FO20251024174302763bef', '2025-10-24 17:43:02');
INSERT INTO `balance_record` VALUES (18, 3, -3.00, 57.00, 54.00, 2, 11, '发布订单：FO20251024182327659fae', '2025-10-24 18:23:27');
INSERT INTO `balance_record` VALUES (19, 2, -50.00, 100.00, 50.00, 2, 12, '发布订单：FO2025110718482758f215', '2025-11-07 18:48:27');
INSERT INTO `balance_record` VALUES (20, 3, 50.00, 54.00, 104.00, 3, 12, '完成订单收入：FO2025110718482758f215', '2025-11-07 18:50:12');
INSERT INTO `balance_record` VALUES (21, 3, -50.00, 50.00, 0.00, 2, 13, '发布订单：FO202511071855531737f4', '2025-11-07 18:55:53');
INSERT INTO `balance_record` VALUES (22, 2, 50.00, 100.00, 150.00, 3, 13, '完成订单收入：FO202511071855531737f4', '2025-11-07 18:58:49');
INSERT INTO `balance_record` VALUES (23, 2, -50.00, 150.00, 100.00, 2, 14, '发布订单：FO20251118192930665ffb', '2025-11-18 19:29:30');
INSERT INTO `balance_record` VALUES (24, 3, 50.00, 0.00, 50.00, 3, 14, '完成订单收入：FO20251118192930665ffb', '2025-11-18 19:33:22');
INSERT INTO `balance_record` VALUES (25, 2, -50.00, 100.00, 50.00, 2, 15, '发布订单：FO202511181953413a2a5f', '2025-11-18 19:53:41');
INSERT INTO `balance_record` VALUES (26, 3, 50.00, 50.00, 100.00, 3, 15, '完成订单收入：FO202511181953413a2a5f', '2025-11-18 19:55:41');
INSERT INTO `balance_record` VALUES (27, 2, -50.00, 50.00, 0.00, 2, 16, '发布订单：FO20251118200105cdc867', '2025-11-18 20:01:05');
INSERT INTO `balance_record` VALUES (28, 3, 50.00, 100.00, 150.00, 3, 16, '完成订单收入：FO20251118200105cdc867', '2025-11-18 20:01:34');
INSERT INTO `balance_record` VALUES (29, 2, -50.00, 100.00, 50.00, 2, 17, '发布订单：FO202511182006580bb639', '2025-11-18 20:06:58');
INSERT INTO `balance_record` VALUES (30, 3, 50.00, 150.00, 200.00, 3, 17, '完成订单收入：FO202511182006580bb639', '2025-11-18 20:07:35');
INSERT INTO `balance_record` VALUES (31, 2, -50.00, 50.00, 0.00, 2, 18, '发布订单：FO202511182011326d0051', '2025-11-18 20:11:32');
INSERT INTO `balance_record` VALUES (32, 3, 50.00, 200.00, 250.00, 3, 18, '完成订单收入：FO202511182011326d0051', '2025-11-18 20:12:19');
INSERT INTO `balance_record` VALUES (33, 3, 3.00, 250.00, 253.00, 4, 11, '订单过期退款：FO20251024182327659fae', '2025-11-20 16:00:00');
INSERT INTO `balance_record` VALUES (34, 2, -7.01, 50.00, 42.99, 2, 19, '发布订单：FO20251121112547f0057c', '2025-11-21 11:25:47');
INSERT INTO `balance_record` VALUES (35, 2, 7.01, 42.99, 50.00, 4, 19, '取消订单退款：FO20251121112547f0057c', '2025-11-21 11:26:01');
INSERT INTO `balance_record` VALUES (36, 2, -3.01, 50.00, 46.99, 2, 20, '发布订单：FO202511211126277f58c4', '2025-11-21 11:26:27');
INSERT INTO `balance_record` VALUES (37, 3, 3.01, 253.00, 256.01, 3, 20, '完成订单收入：FO202511211126277f58c4', '2025-11-21 11:29:15');
INSERT INTO `balance_record` VALUES (38, 2, -7.00, 46.99, 39.99, 2, 21, '发布订单：FO2025112115003600d2aa', '2025-11-21 15:00:36');
INSERT INTO `balance_record` VALUES (39, 2, -7.00, 39.99, 32.99, 2, 22, '发布订单：FO20251121152225d877c2', '2025-11-21 15:22:25');
INSERT INTO `balance_record` VALUES (40, 3, 5.60, 256.01, 261.61, 3, 21, '完成订单收入：FO2025112115003600d2aa（超时）', '2025-11-21 15:24:03');
INSERT INTO `balance_record` VALUES (41, 3, 7.00, 261.61, 268.61, 3, 22, '完成订单收入：FO20251121152225d877c2', '2025-11-21 15:24:05');
INSERT INTO `balance_record` VALUES (42, 2, -3.00, 32.99, 29.99, 2, 23, '发布订单：FO20251121152546327ba6', '2025-11-21 15:25:46');
INSERT INTO `balance_record` VALUES (43, 2, -3.00, 29.99, 26.99, 2, 24, '发布订单：FO2025112115453498f988', '2025-11-21 15:45:34');
INSERT INTO `balance_record` VALUES (44, 2, 3.00, 26.99, 29.99, 4, 24, '订单过期退款：FO2025112115453498f988', '2025-11-21 16:10:00');
INSERT INTO `balance_record` VALUES (45, 3, 2.40, 268.61, 271.01, 3, 23, '完成订单收入（自动确认）：FO20251121152546327ba6（超时）', '2025-11-24 10:00:00');
INSERT INTO `balance_record` VALUES (46, 3, -3.00, 271.01, 268.01, 2, 25, '发布订单：FO202511241453251c6b14', '2025-11-24 14:53:25');
INSERT INTO `balance_record` VALUES (47, 3, 3.00, 268.01, 271.01, 4, 25, '订单过期退款：FO202511241453251c6b14', '2025-11-24 15:10:00');
INSERT INTO `balance_record` VALUES (48, 2, -5.00, 29.99, 24.99, 2, 26, '发布订单：FO2025112415594604e43c', '2025-11-24 15:59:46');
INSERT INTO `balance_record` VALUES (49, 3, 4.00, 271.01, 275.01, 3, 26, '完成订单收入：FO2025112415594604e43c（超时）', '2025-11-24 16:41:05');
INSERT INTO `balance_record` VALUES (50, 3, -3.00, 275.01, 272.01, 2, 27, '发布订单：FO202511241641559c8587', '2025-11-24 16:41:55');
INSERT INTO `balance_record` VALUES (51, 2, 3.00, 24.99, 27.99, 3, 27, '完成订单收入：FO202511241641559c8587', '2025-11-24 16:43:12');
INSERT INTO `balance_record` VALUES (52, 2, -8.00, 27.99, 19.99, 2, 28, '发布订单：FO20251124164457265dc1', '2025-11-24 16:44:57');
INSERT INTO `balance_record` VALUES (53, 2, 8.00, 19.99, 27.99, 4, 28, '取消订单退款：FO20251124164457265dc1', '2025-11-24 16:45:12');
INSERT INTO `balance_record` VALUES (54, 2, -5.00, 27.99, 22.99, 2, 29, '发布订单：FO2025112416530325d77e', '2025-11-24 16:53:03');

-- ----------------------------
-- Table structure for notification
-- ----------------------------
DROP TABLE IF EXISTS `notification`;
CREATE TABLE `notification`  (
  `id` bigint(0) NOT NULL AUTO_INCREMENT COMMENT '通知ID',
  `user_id` bigint(0) NOT NULL COMMENT '接收通知的用户ID',
  `type` varchar(50) CHARACTER SET utf8mb4 COLLATE utf8mb4_unicode_ci NOT NULL COMMENT '通知类型（ORDER_ACCEPTED/ORDER_DELIVERED等）',
  `title` varchar(100) CHARACTER SET utf8mb4 COLLATE utf8mb4_unicode_ci NOT NULL COMMENT '通知标题',
  `content` varchar(500) CHARACTER SET utf8mb4 COLLATE utf8mb4_unicode_ci NOT NULL COMMENT '通知内容',
  `order_id` bigint(0) NULL DEFAULT NULL COMMENT '关联订单ID',
  `is_read` tinyint(0) NOT NULL DEFAULT 0 COMMENT '是否已读：0-未读，1-已读',
  `create_time` datetime(0) NOT NULL DEFAULT CURRENT_TIMESTAMP(0) COMMENT '创建时间',
  PRIMARY KEY (`id`) USING BTREE,
  INDEX `idx_user_id`(`user_id`) USING BTREE,
  INDEX `idx_is_read`(`is_read`) USING BTREE,
  INDEX `idx_create_time`(`create_time`) USING BTREE,
  CONSTRAINT `notification_ibfk_1` FOREIGN KEY (`user_id`) REFERENCES `user` (`id`) ON DELETE CASCADE ON UPDATE RESTRICT
) ENGINE = InnoDB AUTO_INCREMENT = 23 CHARACTER SET = utf8mb4 COLLATE = utf8mb4_unicode_ci COMMENT = '消息通知表' ROW_FORMAT = Dynamic;

-- ----------------------------
-- Records of notification
-- ----------------------------
INSERT INTO `notification` VALUES (3, 3, 'ORDER_COMPLETED', '订单已完成', '订单【FO20251118192930665ffb】已完成，报酬 ¥50.00 已到账', 14, 1, '2025-11-18 19:33:23');
INSERT INTO `notification` VALUES (7, 2, 'ORDER_ACCEPTED', '订单已被接单', '您的订单【FO202511182011326d0051】已被 faye 接单', 18, 1, '2025-11-18 20:11:46');
INSERT INTO `notification` VALUES (8, 2, 'ORDER_DELIVERED', '快递已送达', '您的快递已送达，请确认收货', 18, 1, '2025-11-18 20:11:54');
INSERT INTO `notification` VALUES (9, 3, 'ORDER_COMPLETED', '订单已完成', '订单【FO202511182011326d0051】已完成，报酬 ¥50.00 已到账', 18, 1, '2025-11-18 20:12:19');
INSERT INTO `notification` VALUES (10, 3, 'ORDER_EXPIRED', '订单已过期', '订单【FO20251024182327659fae】已过期，报酬 ¥3.00 已退回', 11, 1, '2025-11-20 16:00:00');
INSERT INTO `notification` VALUES (11, 2, 'ORDER_ACCEPTED', '订单已被接单', '您的订单【FO202511211126277f58c4】已被 faye 接单', 20, 1, '2025-11-21 11:26:59');
INSERT INTO `notification` VALUES (12, 2, 'ORDER_DELIVERED', '快递已送达', '您的快递已送达，请确认收货', 20, 1, '2025-11-21 11:28:32');
INSERT INTO `notification` VALUES (13, 3, 'ORDER_COMPLETED', '订单已完成', '订单【FO202511211126277f58c4】已完成，报酬 ¥3.01 已到账', 20, 1, '2025-11-21 11:29:15');
INSERT INTO `notification` VALUES (14, 2, 'ORDER_ACCEPTED', '订单已被接单', '您的订单【FO2025112115003600d2aa】已被 faye 接单', 21, 1, '2025-11-21 15:22:45');
INSERT INTO `notification` VALUES (15, 2, 'ORDER_ACCEPTED', '订单已被接单', '您的订单【FO20251121152225d877c2】已被 faye 接单', 22, 1, '2025-11-21 15:22:49');
INSERT INTO `notification` VALUES (16, 2, 'ORDER_DELIVERED', '快递已送达', '您的快递已送达，请确认收货', 22, 1, '2025-11-21 15:23:48');
INSERT INTO `notification` VALUES (17, 2, 'ORDER_DELIVERED', '快递已送达', '您的快递已送达，请确认收货', 21, 1, '2025-11-21 15:23:52');
INSERT INTO `notification` VALUES (18, 3, 'ORDER_COMPLETED', '订单已完成', '订单【FO2025112115003600d2aa】已完成，报酬 ¥5.600 已到账（超时）', 21, 1, '2025-11-21 15:24:03');
INSERT INTO `notification` VALUES (19, 3, 'ORDER_COMPLETED', '订单已完成', '订单【FO20251121152225d877c2】已完成，报酬 ¥7.00 已到账', 22, 1, '2025-11-21 15:24:05');
INSERT INTO `notification` VALUES (20, 2, 'ORDER_ACCEPTED', '订单已被接单', '您的订单【FO20251121152546327ba6】已被 faye 接单', 23, 1, '2025-11-21 15:44:06');
INSERT INTO `notification` VALUES (21, 2, 'ORDER_DELIVERED', '快递已送达', '您的快递已送达，请确认收货', 23, 1, '2025-11-21 15:46:40');
INSERT INTO `notification` VALUES (23, 2, 'ORDER_AUTO_CONFIRMED', '订单已自动确认', '订单【FO20251121152546327ba6】已自动确认完成', 23, 1, '2025-11-24 10:00:00');
INSERT INTO `notification` VALUES (24, 3, 'ORDER_COMPLETED', '订单已完成', '订单【FO20251121152546327ba6】已自动确认完成，报酬 ¥2.400 已到账（超时）', 23, 0, '2025-11-24 10:00:00');
INSERT INTO `notification` VALUES (25, 3, 'ORDER_EXPIRED', '订单已过期', '订单【FO202511241453251c6b14】已过期，报酬 ¥3.00 已退回', 25, 0, '2025-11-24 15:10:00');
INSERT INTO `notification` VALUES (26, 2, 'ORDER_ACCEPTED', '订单已被接单', '您的订单【FO2025112415594604e43c】已被 faye 接单', 26, 1, '2025-11-24 16:09:42');
INSERT INTO `notification` VALUES (27, 2, 'ORDER_DELIVERED', '快递已送达', '您的快递已送达，请确认收货', 26, 1, '2025-11-24 16:09:52');
INSERT INTO `notification` VALUES (28, 3, 'ORDER_COMPLETED', '订单已完成', '订单【FO2025112415594604e43c】已完成，报酬 ¥4.000 已到账（超时）', 26, 0, '2025-11-24 16:41:05');
INSERT INTO `notification` VALUES (29, 3, 'ORDER_ACCEPTED', '订单已被接单', '您的订单【FO202511241641559c8587】已被 panghu 接单', 27, 0, '2025-11-24 16:42:09');
INSERT INTO `notification` VALUES (30, 3, 'ORDER_DELIVERED', '快递已送达', '您的快递已送达，请确认收货', 27, 0, '2025-11-24 16:42:54');
INSERT INTO `notification` VALUES (31, 2, 'ORDER_COMPLETED', '订单已完成', '订单【FO202511241641559c8587】已完成，报酬 ¥3.00 已到账', 27, 1, '2025-11-24 16:43:12');
INSERT INTO `notification` VALUES (32, 2, 'ORDER_ACCEPTED', '订单已被接单', '您的订单【FO2025112416530325d77e】已被 faye 接单', 29, 1, '2025-11-24 16:53:15');
INSERT INTO `notification` VALUES (33, 2, 'ORDER_DELIVERED', '快递已送达', '您的快递已送达，请确认收货', 29, 0, '2025-11-24 16:56:26');

-- ----------------------------
-- Table structure for order
-- ----------------------------
DROP TABLE IF EXISTS `order`;
CREATE TABLE `order`  (
  `id` bigint(0) NOT NULL AUTO_INCREMENT COMMENT '订单ID',
  `order_no` varchar(32) CHARACTER SET utf8mb4 COLLATE utf8mb4_unicode_ci NOT NULL COMMENT '订单号',
  `publisher_id` bigint(0) NOT NULL COMMENT '发布者ID',
  `receiver_id` bigint(0) NULL DEFAULT NULL COMMENT '接单者ID',
  `express_company` varchar(50) CHARACTER SET utf8mb4 COLLATE utf8mb4_unicode_ci NULL DEFAULT NULL COMMENT '快递公司',
  `pickup_code` varchar(50) CHARACTER SET utf8mb4 COLLATE utf8mb4_unicode_ci NOT NULL COMMENT '取件码',
  `description` varchar(500) CHARACTER SET utf8mb4 COLLATE utf8mb4_unicode_ci NULL DEFAULT NULL COMMENT '快递描述',
  `pickup_address` varchar(255) CHARACTER SET utf8mb4 COLLATE utf8mb4_unicode_ci NOT NULL COMMENT '取件地址',
  `delivery_address` varchar(255) CHARACTER SET utf8mb4 COLLATE utf8mb4_unicode_ci NOT NULL COMMENT '送达地址（发布者地址）',
  `reward` decimal(10, 2) NOT NULL COMMENT '报酬金额',
  `deadline` datetime(0) NOT NULL COMMENT '截止时间',
  `status` tinyint(0) NOT NULL DEFAULT 1 COMMENT '状态：1-待接单，2-已接单，3-待确认，4-已完成，5-已取消',
  `actual_reward` decimal(10, 2) NULL DEFAULT NULL COMMENT '实际支付金额（超时可能打折）',
  `deliver_time` datetime(0) NULL DEFAULT NULL COMMENT '送达时间（接单者标记送达的时间）',
  `complete_time` datetime(0) NULL DEFAULT NULL COMMENT '完成时间',
  `cancel_reason` varchar(255) CHARACTER SET utf8mb4 COLLATE utf8mb4_unicode_ci NULL DEFAULT NULL COMMENT '取消原因',
  `rights_status` tinyint(0) NOT NULL DEFAULT 0 COMMENT '维权状态：0-无维权，1-维权中（待审核），2-维权通过，3-维权不通过',
  `rights_applicant` varchar(20) CHARACTER SET utf8mb4 COLLATE utf8mb4_unicode_ci NULL DEFAULT NULL COMMENT '维权申请人：publisher-发布者，receiver-接单者',
  `rights_description` varchar(1000) CHARACTER SET utf8mb4 COLLATE utf8mb4_unicode_ci NULL DEFAULT NULL COMMENT '维权描述',
  `rights_image` varchar(500) CHARACTER SET utf8mb4 COLLATE utf8mb4_unicode_ci NULL DEFAULT NULL COMMENT '维权照片凭证',
  `rights_apply_time` datetime(0) NULL DEFAULT NULL COMMENT '维权申请时间',
  `rights_review_time` datetime(0) NULL DEFAULT NULL COMMENT '维权审核时间',
  `rights_remark` varchar(500) CHARACTER SET utf8mb4 COLLATE utf8mb4_unicode_ci NULL DEFAULT NULL COMMENT '审核备注',
  `rights_fund_to` varchar(20) CHARACTER SET utf8mb4 COLLATE utf8mb4_unicode_ci NULL DEFAULT NULL COMMENT '资金流向：publisher-发布者，receiver-接单者（仅在接单者维权通过时使用）',
  `create_time` datetime(0) NOT NULL DEFAULT CURRENT_TIMESTAMP(0) COMMENT '创建时间',
  `update_time` datetime(0) NOT NULL DEFAULT CURRENT_TIMESTAMP(0) ON UPDATE CURRENT_TIMESTAMP(0) COMMENT '更新时间',
  PRIMARY KEY (`id`) USING BTREE,
  UNIQUE INDEX `order_no`(`order_no`) USING BTREE,
  INDEX `idx_order_no`(`order_no`) USING BTREE,
  INDEX `idx_publisher_id`(`publisher_id`) USING BTREE,
  INDEX `idx_receiver_id`(`receiver_id`) USING BTREE,
  INDEX `idx_status`(`status`) USING BTREE,
  INDEX `idx_create_time`(`create_time`) USING BTREE,
  INDEX `idx_deliver_time`(`deliver_time`) USING BTREE,
  CONSTRAINT `order_ibfk_1` FOREIGN KEY (`publisher_id`) REFERENCES `user` (`id`) ON DELETE CASCADE ON UPDATE RESTRICT,
  CONSTRAINT `order_ibfk_2` FOREIGN KEY (`receiver_id`) REFERENCES `user` (`id`) ON DELETE SET NULL ON UPDATE RESTRICT
) ENGINE = InnoDB AUTO_INCREMENT = 25 CHARACTER SET = utf8mb4 COLLATE = utf8mb4_unicode_ci COMMENT = '订单表' ROW_FORMAT = Dynamic;

-- ----------------------------
-- Records of order
-- ----------------------------
INSERT INTO `order` VALUES (1, 'FO20251022191615a01dc9', 2, 3, '顺丰', '11-5-7777', '一块卡西欧，小盒子包装', '东门顺丰柜台', '华夏宿舍楼3号楼101', 7.00, '2025-10-22 19:30:00', 5, 7.00, NULL, '2025-10-22 19:27:42', NULL, '2025-10-22 19:16:15', '2025-11-07 18:28:08');
INSERT INTO `order` VALUES (2, 'FO202510221930321bcc6a', 2, NULL, '中通', '12-7-5117', '一件白色裙子，大包裹', '宿舍门口中通店', '华夏宿舍楼3号楼101', 10.00, '2025-10-22 19:31:00', 5, NULL, NULL, NULL, '快递已自取', '2025-10-22 19:30:32', '2025-11-07 18:28:08');
INSERT INTO `order` VALUES (3, 'FO20251022193216847c36', 2, 4, '中通', '12-7-5117', '一件白色裙子，大包裹', '宿舍门口中通店', '华夏宿舍楼3号楼101', 11.00, '2025-10-22 20:31:00', 2, NULL, NULL, NULL, NULL, '2025-10-22 19:32:16', '2025-10-22 20:33:48');
INSERT INTO `order` VALUES (4, 'FO20251022193453b2f9b2', 2, 3, '中通', '12-7-7777', '一件黑色裙子，大包裹', '宿舍门口中通店', '华夏宿舍楼3号楼101', 1.00, '2025-10-22 20:31:00', 2, NULL, NULL, NULL, NULL, '2025-10-22 19:34:53', '2025-10-22 19:35:16');
INSERT INTO `order` VALUES (5, 'FO20251024164537583992', 4, NULL, '顺丰', '1111-1111', '1111', '菜鸟', '厦门理工学院', 10.00, '2025-10-25 13:00:01', 5, 10.00, NULL, '2025-10-24 17:41:46', NULL, '2025-10-24 16:45:37', '2025-11-07 18:28:08');
INSERT INTO `order` VALUES (6, 'FO202510241739493b31cd', 4, NULL, '中通快递', '1111', NULL, '菜鸟驿站', '厦门理工学院', 1.00, '2025-10-24 17:59:00', 5, NULL, NULL, NULL, NULL, '2025-10-24 17:39:49', '2025-11-07 18:28:08');
INSERT INTO `order` VALUES (7, 'FO20251024174107535292', 4, NULL, '中通快递', '111', NULL, '111', '厦门理工学院', 0.50, '2025-10-25 00:00:00', 5, 0.50, NULL, '2025-10-24 17:41:42', NULL, '2025-10-24 17:41:07', '2025-11-07 18:28:08');
INSERT INTO `order` VALUES (8, 'FO20251024174302763bef', 4, NULL, '韵达快递', '1111', NULL, '1111', '厦门理工学院', 1.00, '2025-10-25 00:00:00', 5, 1.00, NULL, '2025-10-24 18:20:06', NULL, '2025-10-24 17:43:02', '2025-11-07 18:28:08');
INSERT INTO `order` VALUES (11, 'FO20251024182327659fae', 3, NULL, '顺丰', '101-12-4456', NULL, '华夏菜鸟驿站', '1111', 3.00, '2025-10-25 00:00:00', 5, NULL, NULL, NULL, '订单已过期，无人接单', '2025-10-24 18:23:27', '2025-11-20 16:00:00');
INSERT INTO `order` VALUES (12, 'FO2025110718482758f215', 2, 3, '顺丰速运', '1234', '测试包裹是否丢失', '菜鸟驿站A区', '华夏宿舍楼3号楼101', 50.00, '2025-11-08 20:31:00', 4, 50.00, NULL, '2025-11-07 18:50:12', NULL, '2025-11-07 18:48:27', '2025-11-07 18:50:12');
INSERT INTO `order` VALUES (13, 'FO202511071855531737f4', 3, 2, '顺丰速运', '1234', '测试包裹是否丢失（新）', '菜鸟驿站A区', '1111', 50.00, '2025-11-08 20:31:00', 4, 50.00, '2025-11-07 18:57:53', '2025-11-07 18:58:49', NULL, '2025-11-07 18:55:53', '2025-11-07 18:58:49');
INSERT INTO `order` VALUES (14, 'FO20251118192930665ffb', 2, 3, '顺丰速运', '1234', '测试包裹通知消息', '菜鸟驿站A区', '华夏宿舍楼3号楼101', 50.00, '2025-11-19 20:31:00', 4, 50.00, '2025-11-18 19:32:53', '2025-11-18 19:33:23', NULL, '2025-11-18 19:29:30', '2025-11-18 19:33:22');
INSERT INTO `order` VALUES (15, 'FO202511181953413a2a5f', 2, 3, '顺丰速运', '111-111-111', '测试快递消息通知', '旺角菜鸟驿站', '华夏宿舍楼3号楼101', 50.00, '2025-11-19 00:00:00', 4, 50.00, NULL, '2025-11-18 19:55:41', NULL, '2025-11-18 19:53:41', '2025-11-18 19:55:41');
INSERT INTO `order` VALUES (16, 'FO20251118200105cdc867', 2, 3, '菜鸟驿站', '111', '消息测试', '111', '华夏宿舍楼3号楼101', 50.00, '2025-11-20 00:00:00', 4, 50.00, NULL, '2025-11-18 20:01:34', NULL, '2025-11-18 20:01:05', '2025-11-18 20:01:34');
INSERT INTO `order` VALUES (17, 'FO202511182006580bb639', 2, 3, '菜鸟驿站', '111', '消息测试1111', '111', '华夏宿舍楼3号楼101', 50.00, '2025-11-20 00:00:00', 4, 50.00, NULL, '2025-11-18 20:07:35', NULL, '2025-11-18 20:06:58', '2025-11-18 20:07:35');
INSERT INTO `order` VALUES (18, 'FO202511182011326d0051', 2, 3, '菜鸟驿站', '11', '1111', '11', '华夏宿舍楼3号楼101', 50.00, '2025-11-27 00:00:00', 4, 50.00, '2025-11-18 20:11:55', '2025-11-18 20:12:19', NULL, '2025-11-18 20:11:32', '2025-11-18 20:12:19');
INSERT INTO `order` VALUES (19, 'FO20251121112547f0057c', 2, NULL, NULL, '111', '测试ui更换', '旺角菜鸟', '华夏宿舍楼3号楼101', 7.01, '2025-11-21 13:30:00', 5, NULL, NULL, NULL, 'ceshi ', '2025-11-21 11:25:47', '2025-11-21 11:26:01');
INSERT INTO `order` VALUES (20, 'FO202511211126277f58c4', 2, 3, NULL, '1111', 'ces', 'cain', '华夏宿舍楼3号楼101', 3.01, '2025-11-21 13:26:00', 4, 3.01, '2025-11-21 11:28:32', '2025-11-21 11:29:15', NULL, '2025-11-21 11:26:27', '2025-11-21 11:29:15');
INSERT INTO `order` VALUES (21, 'FO2025112115003600d2aa', 2, 3, '邮政EMS', '111-111-111', '测试截止时间是否会过期', '旺角菜鸟驿站', '华夏宿舍楼3号楼101', 7.00, '2025-11-21 15:16:00', 4, 5.60, '2025-11-21 15:23:52', '2025-11-21 15:24:04', NULL, '2025-11-21 15:00:36', '2025-11-21 15:24:03');
INSERT INTO `order` VALUES (22, 'FO20251121152225d877c2', 2, 3, '京东物流', '777-777-777', '测试订单流程', '旺角京东站点', '华夏宿舍楼3号楼101', 7.00, '2025-11-21 17:21:00', 4, 7.00, '2025-11-21 15:23:48', '2025-11-21 15:24:05', NULL, '2025-11-21 15:22:25', '2025-11-21 15:24:05');
INSERT INTO `order` VALUES (23, 'FO20251121152546327ba6', 2, 3, '圆通速递', '111-111-111', '测试快递超过截止时间不能接单', '圆通快递店', '华夏宿舍楼3号楼101', 3.00, '2025-11-21 15:41:00', 4, 2.40, '2025-11-21 15:46:41', '2025-11-24 10:00:00', NULL, '2025-11-21 15:25:46', '2025-11-24 10:00:00');
INSERT INTO `order` VALUES (24, 'FO2025112115453498f988', 2, NULL, '圆通速递', '1111', '测试快递过期不能接单', '1111', '华夏宿舍楼3号楼101', 3.00, '2025-11-21 16:01:00', 5, NULL, NULL, NULL, '订单已过期，无人接单', '2025-11-21 15:45:34', '2025-11-21 16:10:00');
INSERT INTO `order` VALUES (25, 'FO202511241453251c6b14', 3, NULL, '顺丰速运', '777-777-777', '测试app端快递流程', '旺角顺丰快递站', '1111', 3.00, '2025-11-24 15:10:00', 5, NULL, NULL, NULL, '订单已过期，无人接单', '2025-11-24 14:53:25', '2025-11-24 15:10:00');
INSERT INTO `order` VALUES (26, 'FO2025112415594604e43c', 2, 3, '中通', '111-111-111', '测试app快递流程1', '华夏学院教学楼', '华夏女生宿舍楼3号楼101', 5.00, '2025-11-24 16:30:00', 4, 4.00, '2025-11-24 16:09:52', '2025-11-24 16:41:06', NULL, '2025-11-24 15:59:46', '2025-11-24 16:41:05');
INSERT INTO `order` VALUES (27, 'FO202511241641559c8587', 3, 2, '百世快递', '789-111-123', '测试app快递流程', '菜鸟驿站', '1111', 3.00, '2025-11-24 18:41:00', 4, 3.00, '2025-11-24 16:42:55', '2025-11-24 16:43:13', NULL, '2025-11-24 16:41:55', '2025-11-24 16:43:12');
INSERT INTO `order` VALUES (28, 'FO20251124164457265dc1', 2, NULL, '顺丰', '111', '测试app端取消订单', '顺丰快递站', '华夏女生宿舍楼3号楼101', 8.00, '2025-11-26 01:30:00', 5, NULL, NULL, NULL, '确定要取消这个订单吗？', '2025-11-24 16:44:57', '2025-11-24 16:45:12');
INSERT INTO `order` VALUES (29, 'FO2025112416530325d77e', 2, 3, '顺丰', '1111', '测试app消息通知', '菜鸟驿站', '华夏女生宿舍楼3号楼101', 5.00, '2025-11-25 00:00:00', 3, NULL, '2025-11-24 16:56:26', NULL, NULL, '2025-11-24 16:53:03', '2025-11-24 16:56:26');

-- ----------------------------
-- Table structure for user
-- ----------------------------
DROP TABLE IF EXISTS `user`;
CREATE TABLE `user`  (
  `id` bigint(0) NOT NULL AUTO_INCREMENT COMMENT '用户ID',
  `username` varchar(50) CHARACTER SET utf8mb4 COLLATE utf8mb4_unicode_ci NOT NULL COMMENT '用户名',
  `password` varchar(255) CHARACTER SET utf8mb4 COLLATE utf8mb4_unicode_ci NOT NULL COMMENT '密码（加密后）',
  `phone` varchar(20) CHARACTER SET utf8mb4 COLLATE utf8mb4_unicode_ci NULL DEFAULT NULL COMMENT '手机号',
  `address` varchar(255) CHARACTER SET utf8mb4 COLLATE utf8mb4_unicode_ci NULL DEFAULT NULL COMMENT '地址（宿舍/教学楼）',
  `balance` decimal(10, 2) NOT NULL COMMENT '余额',
  `avatar` mediumtext CHARACTER SET utf8mb4 COLLATE utf8mb4_unicode_ci NULL COMMENT '头像URL',
  `status` tinyint(0) NOT NULL DEFAULT 1 COMMENT '状态：1-正常，0-禁用',
  `role` tinyint(0) NOT NULL DEFAULT 0 COMMENT '角色：0-普通用户，1-管理员',
  `verification_status` tinyint(0) NOT NULL DEFAULT 0 COMMENT '认证状态：0-未认证，1-待审核，2-已认证，3-审核不通过',
  `verification_image` varchar(500) CHARACTER SET utf8mb4 COLLATE utf8mb4_unicode_ci NULL DEFAULT NULL COMMENT '学生证照片URL',
  `verification_time` datetime(0) NULL DEFAULT NULL COMMENT '认证审核时间',
  `verification_remark` varchar(255) CHARACTER SET utf8mb4 COLLATE utf8mb4_unicode_ci NULL DEFAULT NULL COMMENT '审核备注（拒绝原因等）',
  `create_time` datetime(0) NOT NULL DEFAULT CURRENT_TIMESTAMP(0) COMMENT '创建时间',
  `update_time` datetime(0) NOT NULL DEFAULT CURRENT_TIMESTAMP(0) ON UPDATE CURRENT_TIMESTAMP(0) COMMENT '更新时间',
  PRIMARY KEY (`id`) USING BTREE,
  UNIQUE INDEX `username`(`username`) USING BTREE,
  INDEX `idx_username`(`username`) USING BTREE,
  INDEX `idx_phone`(`phone`) USING BTREE
) ENGINE = InnoDB AUTO_INCREMENT = 6 CHARACTER SET = utf8mb4 COLLATE = utf8mb4_unicode_ci COMMENT = '用户表' ROW_FORMAT = Dynamic;

-- ----------------------------
-- Records of user
-- ----------------------------
INSERT INTO `user` VALUES (2, 'panghu', 'e10adc3949ba59abbe56e057f20f883e', '18750537583', '华夏女生宿舍楼3号楼101', 22.99, 'http://tmp/Qfnjj1lpCGZNff8f20cd48831a87215cb193c0281836.jpg', 1, '2025-10-22 17:07:14', '2025-11-24 16:53:03');
INSERT INTO `user` VALUES (3, 'faye', 'e10adc3949ba59abbe56e057f20f883e', '18750537583', '1111', 272.01, 'data:image/jpeg;base64,/9j/4AAQSkZJRgABAQEASABIAAD/4gIoSUNDX1BST0ZJTEUAAQEAAAIYYXBwbAQAAABtbnRyUkdCIFhZWiAH5gABAAEAAAAAAABhY3NwQVBQTAAAAABBUFBMAAAAAAAAAAAAAAAAAAAAAAAA9tYAAQAAAADTLWFwcGzs/aOOOIVHw220vU962hgvAAAAAAAAAAAAAAAAAAAAAAAAAAAAAAAAAAAAAAAAAApkZXNjAAAA/AAAADBjcHJ0AAABLAAAAFB3dHB0AAABfAAAABRyWFlaAAABkAAAABRnWFlaAAABpAAAABRiWFlaAAABuAAAABRyVFJDAAABzAAAACBjaGFkAAAB7AAAACxiVFJDAAABzAAAACBnVFJDAAABzAAAACBtbHVjAAAAAAAAAAEAAAAMZW5VUwAAABQAAAAcAEQAaQBzAHAAbABhAHkAIABQADNtbHVjAAAAAAAAAAEAAAAMZW5VUwAAADQAAAAcAEMAbwBwAHkAcgBpAGcAaAB0ACAAQQBwAHAAbABlACAASQBuAGMALgAsACAAMgAwADIAMlhZWiAAAAAAAAD21QABAAAAANMsWFlaIAAAAAAAAIPfAAA9v////7tYWVogAAAAAAAASr8AALE3AAAKuVhZWiAAAAAAAAAoOAAAEQsAAMi5cGFyYQAAAAAAAwAAAAJmZgAA8qcAAA1ZAAAT0AAACltzZjMyAAAAAAABDEIAAAXe///zJgAAB5MAAP2Q///7ov///aMAAAPcAADAbv/bAEMABwUFBgUEBwYGBggHBwgLEgsLCgoLFg8QDRIaFhsaGRYZGBwgKCIcHiYeGBkjMCQmKistLi0bIjI1MSw1KCwtLP/bAEMBBwgICwkLFQsLFSwdGR0sLCwsLCwsLCwsLCwsLCwsLCwsLCwsLCwsLCwsLCwsLCwsLCwsLCwsLCwsLCwsLCwsLP/AABEIA+cD5wMBIgACEQEDEQH/xAAcAAACAwEBAQEAAAAAAAAAAAABAgADBAUGBwj/xABJEAABAwIEBQIEBAQFAgQFAgcBAAIDBBEFEiExBhMiQVEyYRQjQnEHM4GRFVKhsSRDYnLBFlM0Y4LRJURzkuHxJgg1VPCissL/xAAaAQADAQEBAQAAAAAAAAAAAAAAAQIDBAUG/8QAJREBAQEBAAIDAAICAwEBAAAAAAERAgMhEjFBE1EEMiJhcUIj/9oADAMBAAIRAxEAPwD9IqIX9lLoCKKKICIoXUugCohdS6ACiiiaTKKKJKT2UUUQEUUU9kBFFPZRART2UUQEUUQJsgAddEujG3KcJJIg/RMVWXiXRqblEssVI4WxbJynv9IxWIGhI6nBari7wldE531J/Kj4sDo2x+ndBs1SNmXC3cgDsoTym3TvRfBVHLJJoW5FpY0jcpAS/ZEBwU2qnOLkpQUSUiGqKl+yBWaqmZHGc681UVcUcpLHWK9ZJFHILPZdcPFOHop2Zoeh66PD3Jcrm8vFv04+IVz5aNjm7rkVJldGHvbe3dbjTGgeYal2h2RLoxA+PceV7Hjs5n/F5vfNv25z6jmU0cl9dFTWxi0OX15wVUZmxFjWNvciy1TuAs5zbP2XXmfTG/Smqlc6vgjDegEapJQDiTwOzFoqhamyt9YGf9lj3hY8/mFVyn9x0KCEGtLTtywVYZzFcRN5jy8gWXMw6WV3MbncZibXG1lbV1zKBohhd/i3nRg8+Vl3zdacz0OPiOTA54al3Le9h231WfAKaar4d5DZXRwNc679lfT4RV1EE0uIubNMRdjDqqeHKtzqCroah0bLF1mM+6x67yZG3HG3XWppKSloGGKd1S9hO+v9lxsXqI5MYjklib1C39FswmlbDT/DQs3eSSW+Sr8dhw6KGF0eswOt1y3zSXXZz4djiYHWYfT4zNCW2PcZV6mWsinhEMTnMjGxWOnoaD/qF88lLAHyMFrN30V0dZQzPmoTE4cvbI1P+aX2fX+PkI6luzI2q3/1BVx09dT6NcyQe7lj5UwfzW087Gdrsss02MVFPU2DJLey0nn/ABjf8d2SWyNtUtaxLEKcvy08tyuKeJW80tfSum83anixnCiL5ZaWQ9w2wWnPklZdeGx3Htc3R+UpQ9v2XPgxSneemobMB3zLaJaWobdr2hayxh141t76qur/AP5fP/sKbrDLRta8DwknlvRTBzbHLsj9Z/GxRhDr4YD/AKith2WHBHZsK+0jltOzlV/2qZ9QG73VUH571c0fKuqKX815Tn1RV/ZEDRBOApNWfUodkSOpRw0TLCN0N1yMF6sexB3+s/2XX+kn2XH4e1r8Rk/80/2VT/WlfuOx7rz3FpzVmGx+ZGr0dvlErzXEPzOIsMj8FpT8f+47/wBXpSLFg8NCLh2Ud67+yhN3hZqqs6OBSncDymd6Spa5j+6uJcHERzuM6SL/ALdj/Rd2Y6M9lxIPn8bPk7Rsb/ZdmQ3ur7++Z/0jn9pbd1CdWFH6UCPlhSbk8XTcnh91t5ZGD+tl0sOgEGBUkf8A5d1xOKjzhQ0ncvBP6EL0lg2GOP8AlFkX1zEz/aqrXcPsuHxWebJQ0bd3SNef0K7uxb91w5LV3F7BuyBhH9VfH+2/0q/647RaI2MYNmiyZKTd7/umUAqQ7p0h3VwAULoqJjEVU7hFA+Z30AqzZcviaqNPgMwb65LAJz7wW5NY+EKYilqq13+Yf+V3b5nArNhMIpsCgjH1C5V43T3banmZJBd6rKKDXVFMwU7IgXQcOyDIo3dE6IBUQlA7IpboBSoAgmCYKVAiUEwihUUKABSpilTAIIoJgVCp9KCCBBFBBIUD6UVEBWUqZKEwllH+lEoP9KYD6UEfpQHpQCWuomUVaH3JBRRfBvqkURQQWooiggaiiKCBqKKKIGIooogxUQUQDKIIpBFFFEBFFFEBFFFEAEPqTKICtwNlIybWKe11Nk9LAuApco6KaJGGqVwDt0Sl1DkwNw3ZN2ukcCWpQTsUwsuooAmskCpTe3TumRCAzOM+ax2SPmMLcz9QtMsRk2dZZxCYbmT5gPZPmlXlsdi59TmGoC4kM8madhZt/wCy+hy0sUsJvE3X/SvPzYCBHNLCfmdwvT8H+RzJlcHl8VvuPHxSCZ0Yaz8si5+yvrXid+drbAOWqLDnGsAf8sSMOg01RnopaaeOjLM9xv7L0efLza4uvHcUVErY+TLuHCx/VceoL3V7Gh1o7/0XUxl8NLR8kh1ycgXDxSmfTGlp2Pu+VocT4utuOpJrL43W2nnFFNM5moI0HujhsEIn/iFc752c2B/oufFUA1IiY24AyZ/dVz1UErpIZJbTAdPV3Ud9NueXSmx6SepkdTOcANM/bRYMOrqdslS2FjzVSD8w+m91kmlMdMI4nMDPrKzU3S3OXtjjvuvN83kknp6Pg8Vt9vRU8WJQ1gy1THX3s5D4bEK6o6onBjD637LhHEH57wOe5g3IW2DiN0tMKZs7owNy9268vvyXXq8eLI9BHwniFXWxzmv5PLB6MyeKAYXC9z+ZJODuO689h/FQ+JnqZ4MQk5VgMjuk30XTo8X4iruikwtvJ3BkZcp89l3w1y4jilbTzGOKUhh0CwxcRVsDGMlw2AnuXs1TEcTVc7GZoqOMA7NIuuFieH8RUtcZJonGO+4boVp88Z/B6OnxmlqnvbLRwR+bNQ/h/D1Yx953Z/5Mwt+i8TXVdTFI/lxO1OpyqiSYU5ZKWy3cNbK+PLYnvxzHsW8LU3wrxRVTWPedAXLC7AMbw19m5pmH+RcEYixzQY6iWF9+7l0KTi/EKN9hLzwzzqunn/IsYdeCVq/6lqcGnEM8UrAe8my7cWPU9bTvGdhe9mgC554sw7EKQfxGiafctCSfAsCqCKjDa10Mj2A5C/v7Lp4/yJftzd/41/HcwSVzcJfmicLSOPp91vcQWLxskXEmBsMlGz46m7gNLitWG8cUkkgZiFPJRzbWksF089Tr3HF34rPT1bBeEjv4Waj1c8hXtcypp+fRvbILbDdVUZDozm+Xbt3VS+qw64sq92gRB0Qde3TqlCEifUofSgmIFkBUSBC8+xXI4a6m1zvMv/C68wApJj/pP9lyuFRahld5d/wtJ/pU3/aOyB8qy8zinzOM6FnhgP8AVen+ofdebkHN49Z/pj/5R4/u3/ode5Ho3etyQeq6sfufuksoiqhG6DBd49keyrzcuOR3gJ/iXEwI83GK6bxp/VdgLk8MR2gqJT/mPP8AQrsLTv8A2qOP9QIROtgp3Ra3MftqoVjztd8/jeODcRA/8Fekfq/TwvMYY41PHGITFvQw2B/9K9N9f3V9+sn/AEjj3LSn0gnxdcDAPm4tiVR4kIH7Lr4jKIMPnftkYQP2WHhqHJgrJnNs+ezynPXFqr9yOn4PlFAdx4RSBUCmUTBLIJ3+lVphDqMq89xA81uOUWHj0A9f7L0cYF83YLzmEtOIcV1NYdY47W/snz69/wBJ6/I9A4Br+S3ZoFlU4EMVp1eXeUh10T5VR+lRFBBCFDqpeygQatyHayYpCbOsrhICgVFCmAUUUCYRBFRABRRC6AKWyIRTBEqZ26UpgR6UER6UEECCKCCRRRRAVod0zt0p9SYQ+pByn1IuCYL9KUJj6UqAiiiioPuKiii+DfVIigohIqKKIAIoKICKKKIUiiKCAiiiNkAVFFEgiiiiAiiiiAiiiiAiiiiAiiiiAFkEyCAUi6lrNTIEJhU2a78qRziXdLbpaiAy6x6OCWKoLC2OZuQnRMLGyP8A5VbHJm0Kx1eI01K/WVpf2YNyqSKnEmXbmgYNvJ/ZCddVLnaNC5Y46eWGwdLdajCHDXdI9OCEshAFy633VTaeVjriS4WashdNZufIQiCtLZMzr5tPCoqJDT9ZbZjjqsNPWTUU3JqIHFnZ42XTjeKhjyS1zOytnmvNYqG84FnR8wAJqkSwEyFuYt6TfsquJMKkYIKqKXKGStJ3tvqulhsxrTUB7WvhdcsOXsuznvOdc3XHt4/GKqJhLnta8gZ/TsvK1E8k5NU/MXv+XGP7L2dXRfGCtLYnfKJH6Lx8UQrcfhiPTDTMDzbTUL0ePL6xy/D2aljNPRmCZ7WSHr131XKxOtoKWbpbnLGA38lWVFVFXV1TNVTtjjp3kADQkBefOSaZ7w1z2X0KnvrY18fOVbSO1eHueWSn+ba61OETWZHvdyxr6lihhnqpg0fLYPK6kUVDC3/FVDT9nLy/La9XxZFdJWvbNkpWNewbgtuu1RUoxypsKXlvprEANAvdYY8awan+VC1oP85ctzOJWU9Pko2tfIe4XDfdds69OzVYlUhz6Sio6aGFlrmSIG6d8tRiBEdNjdLRSRDrGo/stmE4pHIOa/lZ7aMLU7cUrKipke2gpix3dkQVSJtcGslrKyaOGmxaAvj8XST4lxGYnUhlpn5NLvYStWJ11VT1jYBRxWsfQwA/uuXL/B6imDG1E8dcfzAZTofsnaJI5TpMUojPLUxRv10OTRY5eM5BkZJRRXt/IF2nUdRT0dmVkU3sWkn+qEODVddTXdQc4H/tsAslOs+1fHXn/wCOUs7waqBsYv2aAtB/hFcbU8/L982i6FRwrUyRZJKB9Mwf5kjdP6Llu4ObCwuOIxP8BlwVc71N4SbCLMAgr4n/AHuQqWx4nSS8yPrDO4bpolGGVtO0j4WeSPyxOKswDllkjL9i5aysrHTp+I6ukpi81VvLCtDcdp8Rj5VfQMmY7Z8LAHD9V569NJJZ7Ha/6lYMN5zr01U1hH0arfjy3lj14p07MUFdgcnPwutdJDvyXuLiF6PDeLKaqYKevZyKjzsF4qM11JTGc5pIRu8bK9tVS1Dxz2OB8jRdvj/yZf8AZx+T/G/p9Jila1gcZWvvtZXAhwuHXXg6PFHYbLmzOmh8b/3XfwzG8PxB9o5+RJ/I91/7Lsncvt5/fhsdrmsLsodr4RcXWSRSTMdZ8WvZ+XQhXyEFgyqtc95sZagn4Oc+Gn+yw8Mi2DF3lw/sujW9OH1J9j/ZYeHhbAme5Crf+FR/9R1R6Qfdebw/5vGU7/5WEf1Xox6beF53APmcSVz/AAXD+qOPrqnfuPQ3vf7qIDv90UoKiw4nLycOncdOhblyOJHWwd7P+5oq4m9SJvqU+CRcjCIgd3Ocf6rfZVwRiOigZ4H/AArUW7bRJkwLIuvHDI87Bp/soTZZMbq/h8HqHeRb90pLbIPqa5nB7ObTVFYd5HrvkXJ9lyeFo+Tw9TeZBddS/wAwBV377qef9Y5HEslsIYxrrGSVl/tddGniENBTxs2DQuXjcfPxmlpO3rt9iu0dOnsE765mHPuq7WKKm6iABUUKiYK7ZINUxPZKenZOBRiFQ2jwqond9DNFg4Wh5OCmpf65if7qniyUmigpGb1BIIXXghEFBDTN2aEf/P8A6n/6/wDFv0iyr+pOfCrG6qGdBAqJhLoEooFBpdVn1J0CLqoKG6lkwGiU6IIqPZKimAURQTAFKmKVAOPSoVB6VD6UgR26UpkCqCD0oIoFMgQKLt0EBEEUCgilKmelTAIuQPqUOyYTskT9kqACiCioPuSiii+DfVIigogsRRRRAxFFFEDBQUUQaKKBRARG6FkbIAqKKJBFFFEBFFFEBFFFEBFFFEBFFFEAt0uqZSyYQI30QUtbUoBZAS3pWSrjbPDyZNz3GllZNPGDbMkjMAeDnuSmVctmGNwt/Oja6buS917futjo2VBEzJXAdwHWsui8R5OrZcCtBwuoNTSNdIw7sTntN9OjLHDlFpXaf6itAicWDI+wXJpcaoqhnMy8t49bCrY8eppz8t7RH/Mq+NKdNMk9TTPs1vOB8KybJPEOax0JO3V/7Jw6GWEFj267Fc6X4iimzvdzoHb+yUmna0O5tFH1ZZmH/TqqaV2YyPDJI+9i5ZTWOo5srfn0j9c3hc7Gce+Hpy6B7WRkgg76LTnhnem7EL4jRSct1wAWW+/deV4cxFmHfExz1GQwycsAu3FlXiPET69kEjnfD0kY5c0g0BJ+3svO41T0lJW00mEyuqqeYi7w47k+66uOfWVh317e4fi8MFSKhsrHwydJZl8918+xOodRYnVzxNyslkNvsurDXUp5lJWsdCc/RIXaXXjcSlfFUzQ5+YM5sfZac+kM9Y2POZczs8m/Vp+yrJaWCGBue/ceVlqKklgbl2WQ8yZtmvtbYJ9W405duLDcRLhDT9cjth3TVHCnEsdOZ30EpYNzp/7rmQUuISNYYuYHjY5l6ShxriGnw2Sm/MFu7bri8m47fGw4PHh2HSFvEGE1T3v2LJQ0KufFKWkm5WG0cohkPSHuzH911qXH8Qmq431OE88M8Nau5DjmE8z4mrw10M0O0en/ALLnx0868ea6qhq2c1kgL9mDRdcR05ow5nxfxLSDLCJyCF6qDi+nkmF+H3TZtiMosq8TkwfHqnI+ldQzv3Oe17fZFp+3CdjmEulhhjwnELt0OeouVdWUXD08rJonyURf6xI8kg/orcS4VppKSEUNY2OQbk3N1xq3huqifkkxSMl3+gqVctDpqHC5TNTT/Egd81x/VZpcWxDE7yQV8TIz/lsZY/uFy5sIxCNj4o3863cNXEdBVQkiWKVgZ3DrJzmVXVz6ejdiOJYcD8VWtEJ9DH3JVVJj8GIF8cruXbS648GLxDdufJ/Pr/dba3E2VtMwCjazTcWH9lU5jO910pDC5uSmr2kntqjHRVLmXka0nt0rjQ1UlLD0wXZ5Ujxe7tJXD2K05Rv9t0kdRC+7om//AGrMcOMkXxsjJaWFxyGQv6dPACujx98QsGNk/wDSrvi6PF42U7peTY3sdtVeK2L8Wx1rsOp8MomtZSs1e8tvnv7rO4MqnhzXNZYbpKnA6oy56Z7ZmN2s1YstRG/53yXjsUsK8upG2W99wFbLikcrh/h3QzM7iw/sudDiFV6Zors8iwVrpb53Bt1tx5Lyx78cr1GG4nVCESMnz+WHU2XoKXE2VBZldr3C+e0daYWXhY5n31XYp8YE8GR8To3/AM69Lx/5HN+3neX/ABr+PcYnY4VO5ncH+yy4G0twCn9wFxafEJnUD4s+ddzDpW/weHM7ay6ZZ8Mn9vO78dlb/qPhed4ZB/i2JSHbmOsu4+ZktJM8PsQCuRwmGiCte/d0hRPXHTL/AOo7N7lG6VumzkbX3QrAuVxuIQZDRQd3yH+y7Qbf6lxcTPO4opIRtHY/uFXjv/LUdfWOx9Ib4AUCZ/TI/wCwSqYdG11weMHEYKIm+uWRv913gvO8Rnn4tRUvk3/YrTj/AHiO/wDWu1SQiloKeH/tsstAb+hGqWQatA7JpXBkMknhp/soq3FgcKzit8u4hjcxdQm91yOGQZIauqdu+QW/ZdZ2i06/2z+kc/WoNkyKVBgioggFISxnO/KVJDaF9t7aKMtHGXO3Gqf4Hna0mv41poWdTIbEj9F6I/mEjsuBw5GZ8Ura12+zT9ivQOPVcd0794nn60l7pQNUTooqMCooVEAQkTFRBlQTpSqIEJESoiBWomspZVoBBFRAKUNUyBQWoFD6UAiUhpFEe6BVALoFBF26YAlRDuingC6hKiBRhAUEyieHis+pQ+6JURowqCjfUUSgYrKiJUQMfclFFF8K+pRRFBARRRRARRFBARRRRAFS6iiQS6l0bKIBdUwUUQEUUUQEUUUQAuihZCyAIUuqnTsjbdzlidi8F7NGqeCulmClwuUauolNo2aK6GCfNmll08J4j5NyiqDWj6k+ZjfqSXDKuWeKFl5HWCjpI3C2eyxy08Ur+qW4QBcYD8xuoRa2KYWY1XCniLAwbKh2G5TeOfIgsU1GHSFoEL3Rn31VRirWsDajK9gPsjJLV0efmO59xZg21WJuJloAli5cxJ0LlfKeox1sFLXT5Sz4WSPZ+bR/6KDGsMp8lPUsyPGl/wCdYqv4Gqq5G4jWcvTS3/4XIbPQSxvo6VnOkiN2THS37rXGb1TpBMznUzHRjt1XWSXiHE6MNjZhrqpjtD1ALyk+MT4fVc2WfPbsFHcdx80SR6PHbKnORa71VjTqOXl8j4Zrgbh+q8pPiFTNne351K06+ywYvxTLi8z5Zm5LaD9V5+PEzS3jifaM6vHlbSMrX0OkhacOZPA1tTRVFs8OxF9FwOJqOnwsRy4c1wjErTkzXyFcKPHJGyRyx5uS31sC7sXFmGVtHO2ogtCTYE+ey0jOqJcTZjFO8vyskjH8vdeRNXaqLZHXst1U18dYyGifnE/j3WuahoaeiLHuy1oNrJ31BzNrz07uu5bolia+R9x0Dyt0WDVeYyuc1g7d1rjwGaalMslRGwHQDMLqL3cb8czWYAykRPnt7hdGC0LTGyV02n8pVkVJLQxMENG2Z/nOF0KXEccD3sZSxQsAH1NK5O+rY7/HIvw/EcUigYyjgba53YF1oMT4iqrMdhcT4/qflasMOLYsYwORGbHtZXUeOV1LWEvpdTuMy5fbql5xfDNJJi4pzROh/wDM7fsrZ5sHjq5KeaBwnH+fmNv2VlDxRUtmkZUUuRnY5bq6HH8GxJhZK7lvi+vIdUSWl11HGnnqo5IzSVrWA7XZdVVr8ZhrDNK+KqB2s0Bd9sHD2L08bGVXOm92lt1x8UwKCiqXkxOjsbAh5cn1LE82OJPiDJM75adzJO/UsTa2IvGSVsd+xbddSogidAQK3U9si482E3tkZzPfNZPiq6mqq6lbKyQyUXMYR+YxwH9FyZKeOOECN7gB9GVdExTU73mJzoz5Lbqx2JSOhDZqVs9hq/ZbbGV4cM1jozkc2wU51PJs5oK6ZhpavSJ1j3BWQYPDLJlb0SDur5yMu+awOdb0OukBBmJc7IAP6qS0tRRzm8XMYO6QSMmdb0PW/E56Y22OnS4nU0ljFmsP9S6ceMRTs5dWzne40svOZn0+p1CdszJm66FVfGr+XHalwyOb5mHVvJ/0FuZVNkraMETs2WOGqNO7V11shrpHTXa+48FZ/GtP5JVsOKPBuGWsrxiYqGgegqiSBtdMQ9vLf7LBNDJS9Bbf3SnoZr0dJWz07CC27Dpdd7CqwuYwB3ywQvEU9bLG3K912LVDiDo6q4fkZfZdnh8t+q5PN4pY+nVPw0mGzyB1iGFZOHLRYU9729BcuPS4uHUckGa4kYdV6PA4RT4O1ofzGHWy9DnuXnHkd+Ky62GBlRGHB9h2VfImZox1wplDeuF2xuQrhIJm32PhVtjBXE6XOGuZ+q5ETmVHFz3t3jY1d5gDTmf2XDwhrZcUqqhv2/Yq+Pq1PX5Ha9WdyQaqu72sv2urWlrmXG6nMMW+sBedlaavjqMDaFhH7heiaOq/gLhYGBUcQVtV4Nv6K+PU6v8A0Vm5HdP5j7rDi0vJwaQnTNYD9VtOriVx+I5P8FTwDd5H91PM3qQdepV2BwOgwOEFtiQCtkg6tE0cYioo4/5QlOqe7bSzJghBRAphClUUTBSLdXhYsZqPh+HqmbYkED9FteCRYLi8TScw0WHM6jK/rH6JybYm3JW7AKY02DRuc3rcSf3W12jMqLm8pjIm7Bo/skOqJ79qzPREUFFZBdQIJggIShdFKgJdQqIKgiiiCCBRFBMAgUUEwhSJyEEAqiiiAndAolApgihUUO6YBQqKJgECiojQBSpihZGjQKCKCNGlb6iiVFE9MhUUcogn3NBGyNl8K+pKomspZABBNZSyQKomspZMAgmspZIFQTpUwl1Lo2UsgBnCN0uVCxQFiF0huFVLI+Nhc1t7IC/OESem4WH4ioMVxEhDNWOvmgaP/UgLzK+9g1IWVD9DoE7ZHd2qzKZN9kBRDStjaea7NdVxwQ5jaJq0mljKApYxsgFFOzcq28YFkOSxJyI90anA58IaTm2VfxFM5mbNogYs13CJoASRciZ+U09rd0KiwimlZmzbpY6KFr8+ZWmGPIXBtgNlSyMTQ2e9w1sEBraWtbqq35HAvz2+6pIbTsLWvzkeV5rF8Qc5zviH5ANrJ4WtGNcSNw2Plwt+JmOwGw/VeImxGurJ/mxNeb39VrK+oxRjo3xUDeX5Pn915x0teJXuc7dPk81srJYaSpEss7i/+TdYpqh9XIZWy5GeAsroppHl8rmvt/qVcGWKXM/T2WspfGL6uooo4R/h7v8AJcVy5KjM0luVgHZbK1sDrOc2650zacsfym5CN1rzEdcjV1zW0wJZqP6rkuqGSgF0VrrXKRyBdZJJWFuVrV0SMLEbiIpZZBC3R1wT91RLOHU7I26tHZJLDJudlbEI7ghl5gNPsqzGdjdQysw+ikrWdc0ew8LJVVj8Tr4KwvsZGC/3Qw2o5tYaV7tKmTlln3XVxbhyTBYJKVjbPI5kaXf0fLDLjD6UZQznM2PZZY5sHxCpYZJ5aQ32DS5GSknFAJX9JA1C38NYdSx4NJjeIMbJHDI7lsPdw7LL8X+ufXNr8NqWCnr3TRnVipixCulflE8oL9PSuzRYXFRcbGKtdy6SaJkwezqyZtbfolpK57cQayGJs8JlcA86aApWSxrOrIXC8Sr5WSUseJSQvHYst/dc2TibGYZwH4i/e3oXrqiChxKkfWysbTTUephH+ZfRLQzcNsp3sq8OgqmVWli78u3fRZXiNJ5K5mF/iDxBSPmilfHNDbTZW4dxlicFO8/BxzMO/Va60134c4Y6Iz4fWfIGoIsSFwIuF63PI7D8Rjny7RzPbGjniC916dvFGG1WFsE2HNpak7kPOiqbxXExopmz8x8elz3XBpaSqp87cVw6OQeY35j/AES1GHYDV0ZkglngnBsWPiLdf1R145T48mfb1seLUMzAajK+TuFTUupHSB0DOT7jVeDmw+rooQ4Pdk7PZqhT4viVJ6KxxZ40WV8X9N+fNH0K8UsPLbiPMPgsAWOWGSkbmmibIz/cvKxYpBUPzVTch7vC9LRVFLWQiNlfzABoH2Czvj6reeSM8kWH1jujNG//AGqQUs9O+7HtmZ4NgtslIxvpa2/tqufLRziTM12RF5pXqVYJ4pHlssXL/wDTdcmuwmKclzHNuukJqxvS75w99FS74VxzPp+TJ7XVTYz65n487yZoJchbomMTZNnZCvSxUkNYMpl6vC5mI8PkyXDsi6OPLf1z98f05DnOgPzNWpzK2SwjdYp56OopWWd8wLHlY7QaFdHPUrL42OnDiFVA/KfR5XSgq2zsyy5X+68zFI+nNn9aubPZ2Zqq8Sq57z7dyaB3PMg1jGwVYdG515GWWOCtnzDM+w8K+SZsk1z6Vn8bGnzldCGodTguY7Mwhen4ax50NgXfoV5ACNrb9lYBLo6nfstfH5M+3N5vH8p6fW4KyCu64+iQdvKs5Z5uaTof/ReCwfHW52QzOySdnr2dPijcgp6hvOB1z/8A6Lv48kv08jvxXm+26R4ko5nh35YXK4YbfDZpB/3Hf3W/Fwafh+oqaZ+ePlnpVeDNY3DGMbo92v76raX/APO5/bHP+TeRduVZnB0Bzdle3M4i+hSzfMjLUpc9KsNNK1lG+Tw0ricJi2HTTn/NeteMTcnht7hvt+5RwWD4fAYGZdTr/VOTOL/6n/6b2jSy4WLNM2PUtN4BP7FegYMrxfwVwaK9VxLPO7VsN2D9Qji5bS7/ACO083Nh2VRGqfY38pUQFKFkxQVERRMUqoC31XXAhDK7jiRxddlNGx9v3C77pGwwySP2aLlef4WbzGVdc71zPdHf2DtESerU37kd4uzEkpUUE4sCLJUxQVJBRRRARKmUVAqiZIgIooVEECiKCYApUyCYQ7JUXbIJBEqbsomAKVEoJgp9SCKBTAIEqKINFFAgUAVFEqEglRUKDQDUoIj1FApgjlFComH3RRRRfCPqUUUUQEUUUQEUUUQEUUUQEUUUQEQRKAQEspZFAlAFKRdRGyAX2zJScugTWQITAZcw1Rayw0co1OEAlnfzI9amYKXQCnmJC4gXey9lY6RZpp+Wy5cgEjrHTPIyOAC086OKG56AqqeUSNu5zQVmrKmmA+c95DdcmW6BV1RiEDYrnMR9ljnxCJ1PcNcz3yqmSsZNCKgRNjgb/PouTW44xwPMY2OFg6CdCSqxHyPOZqiEyzTtoqaP6w4Zn/oV5DGMSc64zumjGg7n+i5uJ4xPidblqZc8LPQzNouVPiDqOcclzb+AkqRbLWVEzuXHFkH7LNK3EGyAT1HQduoJ58XmmivkjZ/6lnNZTSRgy5i8f6dFUXi2G8LifzCraiifymzy5WX7By53NjAMkUsjH9hlSOnmkhvPUPf7FXKm08sB3a/Oqw6KOmkY9upSxSGNvsVRUVUA6Rmf56Vrwy6rPO1mUWcskhDXiy0TcuRos2yyTxdWjl0ysqscbsuXLXgc8UdbNNI3OGwuZb3XIOjSCrsMmyieIesgkfsmiskRnbiXxsUXRFMJL/ZfSMVrhjVXhldJpGIWsfbyvEDEJYMKfTBrTzReRaKatmlw2GjjltG2xCOvafp3+IMGnmwGrr6J0fIgYXm7gDYeAvJVtZ8LwTSOge6SF0zjJC/Qbar0GJ4i74Olw1z8kMxAmt3BGqzcRw4JNCcNwxzzJFCHhmSwLjop55hXut1Iaat4ZOIQ5ppnx8p8OXqYBbYbrz8kUuB4ixkTHmldZ5JaQWE6lbcOq6nAKpkgibDUiNt2F1tOytxfHJp4AZGNMNyT+qd5ka89bAgE2OQPkjqGvt/O4Arg1lFFTzFtPo/v91vaIYYGGldkfKTsq5YYhBne+8hSnEp3qwuB8RVuDVUMLnXpfrGZb66uwerxp9dDTthMnZl1wZIQ7UOus/KMDg/Mq/jif5K9H/Fp6KXNS1EjAVJ8ZkxBj46uipqon/MkfY382XEdUGdwadEk1O9pJY6yP44Pla7NHVy09IKOoZalta7Ooj9FbJw3g1dEHYdikrJu4mYIx/VcGKqrYPS+4/3Iz1b6gDmwMBHcbpTiz6E6xoq+GsXpWnK2mqGf/XF/6LntgqaR15aXkv8ALLlbqHEooSGZ5Yz5DVora2oI6qrnMPl2qXXNrSeSxnpMXxOnfcS3j8Fy6QxoVDuuVwf47LgySR+pzXE/7UGvgdu2xWd8bSeZ7CGtOT52jPI1UkaQ3nRS/Ej+Q/8A4XmObUxxXZLnZ4zJqPGXUU2YxWJ3WfXjaTyx1pYzI/PC10E3jYfuU7cXqojy66Jr2DuNVb/FKXFIgA7r91I8OlyXL2vZ4zLK8WNZ1K0Np6TEYM9LLY+H6LjVuFyxm7mt+4TzBsc3S2WN42yMVgrJm2ZVMdb3Vc9WD4ONPSE6blZQXQuLXOuvRVHwkpAzcv7LM+hdkJhibIPK6OfI5++HMjke6Oz3Nt/uUjqjE/KNQkfSlrT5SQx9z+i2nUrHMdaOtGTI/uoBUxdcL3WXMkvmv4WqnxJ7GZCl1x/Sp3+OpDNFKzLLoe5XpcB4jdR1IhkdeAgAErx8ckc7wWuse6umw+cDmxT3YNxmCONjPvnX0ysqy7C5Iqd+eOW9/wBV14g1tHBNS65R1D9F8wwnHTC0MdmszsV7XB8XZnjEM2h38r0PF3sxwd+LPb0sc/OYX7W2BVhIfYBZpWkuzZd9iO6up5A5mUesLWz1sc/TkcQuDcPFJ3eR/ddhjeTRQx+AuFjpvjNJCeo3XfcLuJ7BV1/ryifdSR+WCaU/SP8AhcfAW/4KebvLICCtmLzGLBZCPqsEmERGHC6eM7hiUmc0Wf8AJtOwHhKmKREGAR4QsmUVDCEoWTFQAk2HdPSxyuIZjDhEjG+uUWC0YZRiiwaBg3JzH9Vz+IbT4tRUbOxBePYhd2awaxg2ACdv/GRM+7VRQso3ZFNRSgiUFSQUUQKAKiW6ioGSqKFABRS6O6ACiiiZAUqdI7REBSeyiiNulMB9KiO7UpSBfqRS90yoFSlMUpQClRRRGhECigUaAKF1CgmEQRUSADdRBvqKKo1ZUTO8qJk+5qIXRXwj6kNVFLqXQBUUUQEUuoUqAN1LqIJloqXSlEIGihdEKJGl0ULKXQBQuFEqAdBKingABNbRFRIEAsgXAIv9KokF0wOYudo1VStMnQWq9osyxSySCKIuCAplp6aGPmSZbhcwMfXS8wQtZA0Xur6iOaaVjzqD2WTEa187m0tHK2OFg+a/tYbhNNv45mMVYlcx0zrUMWuTyR7LxGNYiMXlL8zo44zkjZ2stHFOLR1jfgqN/REfX9l5mWVxAYx7tN0HOUdC6/S9tv8AcqHU8QN2uzvQkvEy+ZVNmLRmbunIqC6NzncsxOaPIaqXNfnyMiuB/pTHEptmubdZxPVulvzcl/8AUtZxpddYaUva64ibn8JMskkNy2xKqkdWRz5g5r1VJJWzRWc5sY/3LScMr00ilPJ/PtbfqVNRyYBb1lBtEz4SQurG59NMywzycp2TM191pzyz6ppqpxaMjW2WdriZsz3aIEnv6UphDm5i6zVvjPVk0jT6cqqia6PO8aG1kAWDQK5rA4EF1gnINZ4S6WoDWuu0str5XXjbHhxhMrL2ts1chxIsYG7HddH4ySohDHN2G6LCsVzVbZK3nT6Rg3ZbdVR0tThtdS409ud4luGP/lGyzztzHq+nZbKutmrYYeY2zIbf0RIjHc48rsOxj4KenZkqSxolIb2y7LgyyZqD4YucQfKzukuQf5dVRPM50oLdnaJ5+Li+kc2LJd2bITuqSeZKXyZgD2CWeN4kDhspzBkCJDtNI7lkZNlRNITYlW6ON1U6znppHUszjSyAmdJo5zlL2GUKsWagLyA3UKuWV+TRQTN2UMjSgK43E+trUAY4n3yuff8A0qOBQa47FOCrmO6swdp4KumlhmZlMTQVjJ19Ssbly+pLCLJmjZaFzgrY5HOZle1r/ul07qtzSfS6ymxcq8Q8t12Ny/ZXRYtW0soDcxZ7rC2aaL6lc2q5nrU3lpO7HpaTiVjmASUsWf3VtaKjEocwdGPYO1XmA6EanRaY6t7eullu/wAFZd8T8bc+VZJTls1pGusPLVvgnkp6ciNzhGfCpgxnmOyYlFkPlaRASTLTPbJD4WHxsa/OdMRpGzB7oX9fcFc90RjNnscF05G3bnY3lvRMznU+SdjZP9Y1WvPTPrnXGlIB01+yhySiwzArTJRuyk0+Z58LPE5rfl1bXRvW/PTDrjFUbnwPsHXutkGISRPu11/9CqdBy2l8eV7VniaySW56D7rTYl2oayGW/NgyPPhui10NU/DqhkzHuflNwFxQ58W/WxX0tRd1vpROs9wrJZlfWsB4mbWwZJGrtRAMfzmbd18dpcQmo3cyPYb2X0PhTiWCriyT5m6a3XZx3scXk8eVfmbiPFgeNmD/AIXoKZ3NY9rtwuFhELv4lUz5dCehdmU8udjm7Hdbde/UcuYwcQH5NPSjdxBt9iui1oY1jRsAuXWf4riiED0RscuruSj65kTPu0D6LpT6gp2sj9V0ghQUuoqBSpGTz47edVCs9XOaagqJhuyO4TzfQcik/wAZxdPPuIgB+xsu6/VcbhqFwppKp28rz/ddjdX1/sjn6LbRTVFAoPSlBFQ+lURNUCmUQCqKKJ6EQRKCYRRQqIAKIqIAJXap0qcIlkbolKUwl7IHVKojAATX6bIXUTAEJSCnUSCuylk1kCUaAslumukTICgoVAmEspdEpbIUml7qXQKCYQlRB26iZPuSiCK+FfTojZBFI0CiihQYXshdAhI66qRnafMEM4VRJSElPGd7aQ4I3WdpKsCMVOll0UoUJsli5TI6KnmJ2m6WHKdBRA37IVqXCBIDUuqBdYap4nVjSSjcbLO2rZfKmBjc+w3SUsdsqHytAzHUKySX6BulEILbHvqgJnPLzO0YqY7TdR/L/wCVVMXzzcoHJDHv7/ZJPVCnpnyDRgByA9/dMq52NYg+K9NB+ZJofYd143H64UGGCkjlcJHWzkd10o6zLTVdVVvtM7UX+y8DXVVRWF8r2+wTLmbWWWoYXcuPQdz5SAH6UGQyZepiUmVps1uicjWqpnPz5Mt1mqgWsys7q2drw3NnaCuZlmM1+bda88ItxsZSRthzvlsVnM1PkfeXULNVGSR7Wh2iq/h/1DW66Zx6YWrjK1zLie32cgYYzEM1RIf/AFKk072aNYkIMZ69E/inVzcOjdKbyuA91JoqON5DJc7gs800jtGbJW07CQ5u53VSJqSFh9LrqoROcdXaLSWwwC6qlladWu/RWzAlrekN1WikpByj8Q+19lnidn1ypmyNjkzTv07BOHDTC0WSNtmeUXSMFMI2usfKrmmdM6wbZnZISyRmTZwTOs4lu8xP9PlWc1+XlO9P/Crswuy+E2jmg/ohJY3WYWHc/wBlSSc4A7K0m0l0Y3MB1QBkmvZiziMj7K4gGS47oOaSgEj03QIs+6Yg5bBST8rRAVSevRAkFOB8uxVXLIcgDlClwNApyylMZCAa6Dh06KB1lWTbVOQ8Lr3Tg2SXc46I5rbp2Fi3mtOhaiNdlRdvdycOOzXIw8NIDlVUeZrtfSrMrnKObYWKWEji0tVYNn5mOyEeFMiGyn4wra0OrpJhy6hrXjyr4Kp8TQ2mlcweCsCW5Gynrxyq58ljvQYi8EsqGNIfuQrzTycvNRvzs8FeejmkboXXV0VbNBKC1zgPCyvjsdHHkl+3Xgrn05zOZkIWlzafF9ZWNB8hZI6qKtAY7LdK4S0b7M1Cj6a/ZZ6d1FJaLMWKuQR1DgJG8v3XSbWRzx5JGWKx1FJK5xu35fkKp2y64ZqiH4NgMb+YxCRzJYgY+g+Nkhiyu6XXHhLyxL/oK1lZX02wVEsTOrVdeirJonCWPT2XmQJI39T7hb6WomLcjXfqtuOspdcbH1bh/E3Bg5vodufC9PG1s9JzY3NeLbhfHsIxqSh+RI7PGd17rA8UZFRyNhlvG4aBdc6v44e/H7b8FYZ8Tqag6gaf0XVbq8hcrAQ+GGQudbMdl1bWcVtfdc3xyAPWmvol7XU72QkiYKZEUytKVxuJJizC+Sz1zHJZdq19PK4GJ3rOIaWBu0JDyFXH2m307FJAKWghhH8gP7hPZO4gnTYCyRKKvoECigqSFkD6UyUpwyqKJUyRRRRARBOlVAEEVEAFFFEwKF1Eh0cgkQRUKYIgijZMFQTIIAFQKOSqQN0qJQTIFLWUUQAIukT3Qy904ASpvugqMClumSkaoAWURUTLX3BFAKL4V9PBRulUQemugoigaUpSE6lggrFJjS8taMqmVP5J+CkNVlkciNkafxBK5OlIuUjxVbqVzPSltZM1Oma9kpcjZIWpQUQ4FUVFUyFhO5HZSU2blj3KwzQOkkAPfdXOWXXSylL538wtaGLXzWF1mNvbusM9RyQIYe+6thc2nY1pdq9Ow+em5sbRqVTPIA/KFdmuzRZKil5urnW+yjGusdRLHLGZXOtBF3Zpc9l5bFMUdXVIle7lsjBDANBZa+JMR5T2UEOkY3svHY5XszfCxTtLxvZEPGTF8XfUVJYz8sLjzTOLvVp4VplaN1kliMzgGutcqpFT0Dp3SdKzSz8kHM9Csilp5BA17SXd1gdRVbZjG1zZDa/pW3PJddzGSWZ00h63IZTEL5nLQKSVp+e3J/RVSiG9sy6ZMc96I4uLOjVLmlLbNzXVvxDIWWY26pbI9zi5uhVyopcsp3c4FTQu+Y9GUu3e5K0c3ZqpGmc5+gja0D/akdK9relrU0gcNHOsFUXty2a66WDSgF2r03JYNSp1KtzgmlHSBujUpEZ1fqoAM1+yV2XYJwLonfUduyrIsS9252smGkKSU3Ymeq4AG53u3Q1N/CkerCE4FhYoEI5twg1o9PdWEWyhKAGy3S08BrSXWHZAkjRWxjcpXDqS05CEdCBPRZaGx9CqLbFGr+KluuiEkatEdiiY8rruRKVjNkPlK7RqtLS19+xSyR5XZ+xT1GKbXF0tsysdYjp2KgHZVKRQQNEhFtSreUNylsTog9VdLvpTgtbs1OICGqt0RugGu/NcJs2bdVAnLZJmsVUgWZg11krkwcDug4goxPQN90SB2UChRiClQOcGkZUUDoiwgjBEmbO4LZHXSx+rrHusLtdWoZidFl149bceTHcbiEEzQHdC6FPLM1lmN58J8LyzSGjqTw1c8BzRy6eFjfHW/wDJK7tZSZuuGCRh8FZLctuWVtipT45M3qkbnXWp8QosRZ85jRZOcWJ+UrkhrAD0uIKrymOTPG+w8FdOelqHXNBFzB4y3WeXEWtj5U1HyZB5sq2wbCRPfnzBuh3K7mDVz45hyn3A3YuXT4nlpzE5jLH/AErTFVyCQGmiax3fpW3j79s++H02lrGGKOZrrt9l3WuErA9uxXznAayTkmPK7IfPZeywnEYx8lzr32XoS7HB5OP11i3osEpHWCnsRr2QT1z2JZLZOUEk2ADlOYriYXCZsfq68uuMnLA+xXSxGcU+HzSeGmyz4HCYMMzu3lJd+60nrm1F+5GsaX+6igGXdRMwN0LIqIGBZAhFRMldkLJyEFWgAECEUUAFFComCoIoJhLKKKWQESpkEyKQELJiEqYIonKRARBEpEwJSpkqQRQKIIISlRS3QAciNVCLpdEwKCiiZlRIugomCqIn1KJk+1Rzxlg6lZcHZcsYc9rrtetUF4tHOXxF5n4+knTWFEocjdTivkZRAFFJURGyil0KwVFELJAUCigUAFELIppI5yQOOZEpmtCZJzNFS6RzntaO60FoVZjGa4RAEbQ1l+6rmtCzP3KbmBspcXaWXOmmkmmfl2OgVSF0MdLlkMx17pWwvqMQjfsxi6EMVoQ07lEBsOd52Cdo5iPlDJmRjW6x4zW/CUj7b2V8eWz6h/bZeCxzGpKiSfM6zBoFK45VdijRFJI5t3nuvK1bhlD813u1K0SzlziC64WCrmDiBl2Cci8VSzDLquZWVxDMozaeFKqoLnZGrIbDR2pXRxxP1n33+Qoe6bqe5zD7uTRRSGTOZXAecxRsXvAOgWhsp/KYy4W04kYmncxsPrzlc8zMykPZZXzx21doqG5CddQrIkYEjvltTNp5S85uhqaWQt/JbZTmu5fU7VETUJhj0fqVW6pLdGtsqib6lql83qVsykGU3kcpymt1amLrjLlVWWQH2QDOkO2VViO+pTZr6IhuXUoAOIAsqbAv0crHStk0Qjiy6pwC42bZD1MUcLmyMegsmCRx2TkX0V0Tbqcsn90U4pd0sVR6W5lpmbaKxWZ35NypNZG27LqH0q+KMmnuqsu4RVcrIhmai+K7tEacWGq1NboktkMV9lW6K77O2W1oF7FJJFzbt7hK0OaWkTZXehSVtuj6CtDYXuvG9uqUQuHQ5LU2MZiER9kTE1/pWmWlcY7LJG4wm2VVKmxVIHs3ag1x/lWxw5zLhY3AxvsVWp+K24SGMFFuUtvmVgkOwanoxjcOqygiA1WiQE7tsqTGS5VpFCJCIblURpFsoU17IIIqOh0QvYqWvqmSstIcpbuFZe+hVZ0TIM11ZG0DqdsqwO4UkcHaOclhymc0tOZrtEBJIHZmaJwNNNUpIk02QPk6dJijobEy2HddebEsLq6azm3f5C8vlHbVCMiOW4ajJWnNd+Chp5Wl7Kht/C0NiqYNQ3OPIXBbVsJs92RbYMRki9HWEvjF69BRYw6F+TJkvuvUUNZTNgDg+z/deGhxKOchs7LLr0PwzniQS/ot/H1jPvmY+nYZUOqKa7nZ7dwtnUWZg1ePw6smpW3ifdh7L0WH4jJVMyDKun/uPO7mV0LdIuqgbuIS5Zg7M52itAGYHyj6YuRj55ogohvK+x+xXRazkwwwfygLmtAreJ8/0Qst+oXUkOaW6u/U5TP2lPugooUGCiiiYBRRQpkiROlITgBRRRMIgigUBEqZKqAKIoIAJFYkThIgipZMAgQiogEUIU2QumAU2RQPqSAFKUyBQCDRFQhKgkPhKVFN04QqFQIH1JrTZC6h8oJgSLqKKIGPrseK07tC9oVjpoZPS9ePbh8xkvn0W1kUsDdHXXy1/wAeS+q9ieSvUte0M9SLJA42C4EGImMWeujTVsZ1LrXWHfisXPJHTRuufPWiPVuqgxSEjq0WXwrWeSOje6izxTslbdjleCosxrOtNdS6iCStG6l0t1LowaN0CTbRG6l0DYryFQGzrIvda1lVJc6ppXXuqKqXlwk9+ytj1Ys1Xq9jR5ThVnyyTljBoDurHwcosDVqiZkbfKg055s3ZPSgBrmw5s1yhOwupiD+qtdlOnZUVD5M4jY27O6StxycarPgcFLPql2XzbHY3xYTDK5/VJ9H6r0PEeJvq5p44/y4bWK8PidY+qqWOe7obsET3V8scxEW7lypZ3yt0cmqpHGR5f6As125Ac1gd11cePfZd9Z6LJGe26qbGAbvSyzjZjtVXmlLtV0Tlz2tN2AWzIZi2M5f3VY92pZpAGZPKeJ+TP1zzdTtFfFGwaFqqbdtms3Vzj8uzt08LVMrhezUmmbVU7y6K6a9hZPDE5Tuq8zQ7Rqa12apGjyhKOc92jfSlu/NYuTSHLoN1NMl+6BgOsHaKlxJNlYNRdKG63SSVsYzXVt7KZdbpJN7DwjQLbF9/KcxkXUhjJYD4Vzm5np6uQ8UWVjHHuiIuo+2qaPVmXwmjBLz7pWr+LNVAcguKwjqhDT5XQqweQ9YIh0A+ClpY3xi0OUKmRtn2C2Fvyh7rPOMpBS1XMRw5MjB2K3CPM3RZqqO9EJBuFspDzaNhG5Rq8ZnRlr7phHZ4d5WgxcwEDsliAkGmtlHVFhKyJosWrJLEcuZdNwGTMNVnaAXm/7KNTjnSF2ngqmaEB1z3XQkh6iSsroiWWPfZVKVjCX2fZqYwNmGrbFaGwhrLZdQldD9QctZUWOQ6Iwy2OgWuHK4DqVlbFlYC5qpgA7KtKQ0mm6QNadVa4cw6o8oWsiUWMxCQtJ1C0mMR+rZKCAfYqpU4zWQG9zsriACR2SnRmRPRYry31CFimBAZZLqVScA2GyX3KawOiU9OhQlDt0pRHnNxumtbQd1C0x6hMsSP5Z6ldy45As5udSo31eU8GLBCWv9V0SC11wnDg5tgoWm1kjIRzN0zXSxas6lWWkbIhz26oPW6Krfu5i2xYhFnHTZc2O8gurGnqsWpw9exwnEqePqc65/3L3PCwZUvMsbtPC+RwQtBDw6y9/w/NJFSMdBLaS4GRb8denP5J7e8ytbnDnKmZ3Jo5JP5Ros9LUc/wCXI60w7KvHZXQ0sNM3eUgLaT3I4u7ntVgEThHNUP3leSuiPWSjDEIKOOMN1ACZVbttTzMmK8ilkx9KCeilshZFRMiqIoWTCKKEKIBSEExSpwAVFEqcBlFECqBUfZBQICWQsiVEaQHRLdEpUwB8oXKYpLdSYEpbJtwlTAoIoJAqlrqFRAKUpCchKgYTKgBZWJbJlgIEJrJUzBT6VFD6UAL3UQCiZ69i2tlto5N8fPs5qnwUo/LaoYqlvqZdeLby9DKb4wtIL2qySfMA5ipkgkDM0jdFZRysc7LlWdwvbRHiDuVlO6gcTq9twstY1peMuiuhrmU7Mr9VF4/o51f1fBVmGS7X2C9DSVrJWDquvLOlhLNG6FPQ4nHFMGlv2XP5PFsb+PyY9mfCl0kUoliDh3Uc4BcGO29TEkdlbdZDiMQ+rZYsUxPlMyN7rzjp5Ccxduurx+H5T25+/LZ9PUjGGGTIGrZFUNk1XkKSYumY3LqV6qCmMcd826Xk455+j8fVrQ3qf7K0tulbGAwBPtYLmrogWtsshBNUHHYLRLLleAqHSht05CtWTSht/FlXTuEcZu5Zpqgcl7Q3dV04dKyxda60nPpn117aqmqjZkaNysNbinwlNNIPRbdSpa2Kpf1XAAXjsdxT/wCD/CD1yE/3ROT9uFjOIEN5Memc3K85USN1BWqsnzXc7dcarl0BV88StJbIyVTubUk5tPCwyEnp7K8uuSVmNz6V18zIw6ulaGjdaYTl9Spt3cnMgLMrWqiWykbtWRzid0XOIZYbpWRjd7tUJ0Ym2OYpJ3FziAnmzRxhzVUwZupyYCO2T/Ujbr1UdkbYtUkDhZ3ZAMSDoqs1nWRNyxJvogI7dLqrNGjVEC7bhFUW3SmI6FB6rK4R3/RIsJlyxrNa8t/ZaZjfpCSKPM8BIYvgjyw28qx0dnsAVkUd337BNC3mV1zsEmkhS0Nz28K1sdnx+6Lo/mP8FWNba3si1eMNc20Mn2XNpxdll1sUFoD7rl0o+axvkpSljsGP5cayVEd3gBdMN0A8LKYruJ8JnILWhzOWdrIYOSM8Lt41YW2jY4KsWgxkuHolU6tthblzk91kpGmGeRp2Oy6Aj+aW9lTVRgxCQaW3UUYSCO4fdK+DK9jgrqY86n0Vlrw5T2UjGKsiIIc3uszqV00PMi3auzHG2SENKyyuGF1AAbdkm6cKxxIZXxT2lbo7RCaDl1P+g6rp4hRCohMsf3CxUcnOpzDL62LSVnYplbzo8mX7LmzwGjNiu7yhI3M3QsWTE6Q1TM47KtTjDTuZKLp3R9wsccDo3aaWWtrzJZqcILCbpPZUkAPMYV7oD2S8mzbndVKVigRjKWu3VeXpsVflLurwlNnDLsq0sZXR5deyUXtotAb/AJbuyTLb0p6mwlhb3Q85k5sNUts2pQmxUL5laGki4QLTIOlK3O02VJI7MDZAgjULUcrmabrM4vaepMDHJfZXtkB6Ss4jvqE4aHfdBavsY9eyTmNdorIpRbJJsi6nYdWO0QEbETqxysbmGrnaLMQ+PVisjkbL0v0KDbI6gtfcNuF6bAK5oAc2W01x+y8qPl6N1C00M4hrGPy7LThPXOx9hp+XNNT1YntILBwWuS9dxExjmfLiZmuvJ4fOJ4BLG/Xv7L12Cy9HzHavGhXRL61y9+OOhMc0mmyRNJHlKRXPphUsgmQsmStROQgmkqCJQTCKKFBAQpE5QKqAqWydApgihTIfSqAKbKIFARQKKFAKdVNAjZBBFQITIFMFCjgmSuTABRRRAKgiUEACgj9SCACVMlIRAF0PpUCioAofSooUAo2UUUTD6fKDTxgp6UCdlytb6T4s3PoWiKkjp2aL5G+V7s4YZaISDKW3Cxx4HlkzN0XaE0d7LQ1zDs5T/L1D/jlcOXBjK302Kwnh6Vjr57r1drqBqJ/kdRN8MryslAIaYgsuuZmaZvymiy9vOxnJOZq8XXFhqXhmll1eHyfyemPk4+L0uETl1OGHWy0VkzWNse68zhdQ6Jpu9baqV9RHmbm0WXXhzpU6t5U1XLkd6rn3XNlgMsoa1zrey1zQyOj5v1K7CHddi266ZfjzrP7rZSUjIYGWZd47ldylzckB6oZkIudAFbFOyV1mO0C8/wAnXydfj9NPZAaXR7JT6LeVg6GaP51QSdggY2nOT4VrY8rD5KqexzWfdXz9prBO7K0NHlNC7k0+qSoabhSUAw2LrBdOenN+uTidZyqGplc+z7dIK8NLURzQyTzaSfQOy6WNF2L4vNGx7mQU4F7bFeYrapgvGG+lO8t59OZWzAmw2C5NVLm0HZaaqTNo3RcuVxvYLXjnEd9fgF4GiAGl0u7upMScthstGaRm3q1RLurTRUtIZmvqiA6U+AgkvZ990YwTNctsro4mRanUpObmkIHZAVzyjm5TsFUS49TdAjIRzNUuU9nJmMjhkaD3TOJLA3wluCQ3Kh9fqQDH2SbG4TNvlsUv2U6cAi5VkbSClaOrVWx6PudkU4HKHqV5PKZY90BGb67JZjzSB/IkuM1nGRbKWICN7/ewVIbcvd3Oy20UR6Iz41StVi2KP/Dn3RhiytAG60SgNZZPDGM4J7KdORTM3rY0IxC8pB2C0SWM10oZ0PclauRzMZFqYnwubStIqID5K63EQtQA+yy0kWapg9rH+iufRY6IvnP2CrAtLlPdamsvnJ7KqojLXwvHlRplgaXSvif0gbLNiEfKoWTN1MJAP6lbpCRWM901bSh1NPCO+v7JWmujIkZHO30PCLqMywyMLuxI/QKjAnibCo4TryhYrfETnBPdhCjVRzcFiJoJM+8ZAt+i1iPmxW7KmnBp6maLs83XR5VqMW7oVjIYjA0DskqKds0Rz6nstszc9GD3Cqi+Yy57IKxzmgCIRBcbEm/CVPO2Yu7LC5lTzRss+JUrahnJk2dstJWVjC2W8ccjW6PV0gbmsdGlZ6OM8qSmOhjvkV0DhVMIc2xZoqqHOq6TKS5voK57ZGtksXar0QjvE9j/ANF52sh+Hqc+XRVGbQJjnsUXj6lXHPFKQE7p2Ndk3WnJs5cM9gq5xyf1VhlaXaNRdOx0WWVqr0PStkYljuN0vLJclhywOuXaFa+XzOobJUWMDoznsFCCFtdCMmcLM0cx1ijUWEd6enRI67m2burnxDZqQFo6RujUWMzTyXa7rQSJm6oPhaW33cqwS1PU4YxGP7KrLmNwr2yGTpOyEkWXViqFhSRlsUYnObp2VRJ3KsjkvvsmTUGhzbsSWYdHNsfKpu7P0aK9pa7pk0KeGjQ9rvVonzHPoi67W5Tsi2QN1LdE4HawPF3UM4ZI7ofoQvqGEVVNPBy45bvI6D4K+Q0skMsgvsdCvUYHWRYfiDGRPcYDuPHuteei659PpNLNIWmKZvWzv5CuusVJOyodzG6m1v0Wtuq6OfrXB1MuHBRQtZS6bOoVWnKCCKUqYoKiAqIoWTCBRFAoAFBMlTBSFEyVMFKiZKqAKKKIJECj2QKIASpkEwBSFOUu6YBBFBAAoIoIAEIIlAoCJSmSlAIgioqAKKKIAKIhRM32kW9A2Cjm6WKJ9OiqE3XZy+JkfQ7CGiaXXzKxtLl+pXXFkLFG1pEDSPqTDTdNsEjj2UWmy187WQm7l46ePmzPdG29162ow9s7NXKmioY4XluS66vF5PhXN5OPlXAwyilMuV7LBeoioo448uVaWRMvdotZM42Ud+W9U+fH8Y4GJcuDoazdYIZGwWa1upXpZ6SKUZnbrhT0kjanNG24W3j8mzKj+O669OWyUoa/uEYqJsN3Ru0VNPTyyss52VaoopIfl5rhYd/fprzysinzdJVt7vVZiEd3JovTmWbTVpVROZ9k5ICpke2I5kcwrWSsjDXMHkrg8TVz6WjNNDrJILC24XQxPEQ2Dmu0yErxlViUlZiUlb9MLRb9NF1cS57c9v8AycmorP4dg8kDWufPLfOTv5Xl6ydhY9/Z3913MUrWzNkOXrK8xVzNDC0s0K05b36YZ5iNeyyAkm52VkrTuNR4VLnZumNuq1YVbZh1duqTHI59o/Qr+S1sN5HdfhUCZ7btGiCWRwxxav6ikkqOqzG6JBdzutSwzaJgYw5ztXKwgAFI02OqWR13WQFObr9KcjrCU+oJneoFMyxkcwhAjrujexugR3QBvc2RItsg06WTDTdScM0Xaro25ukquNtzdaoh1IqojbE28LJLeN5PlapBy2lUH5hAKSotijzMYO4XUhiynmHuFkpIjnzHZdCT0sDVHVa8xVI3mSMA7LS0bkJY47OP2T04zOyrL5LxQQecCr2t+VIPIT5Q4vHhGL8q/k2SvR44fEZvBHF3/wDwphw5leGDsxqXHx/8VhZ5t/ZXYG2+MPPhgWk69IdG3yngJJmh2T2V5bZpPkqkayWWdpyGla1z2Hwr5h1xvG1iCkLdLq2P5sNgkqxzcDAgxuspTtIbs/QLqSN5dTGwLlVR+Dx2kqhsQWH9TZd2qjtXZvBTgjHVxZcWt7Fbms/w1j2Cz4npXQSedP6rfy+w2TUyRgmLKq+WInAHYrXE210k4E8Fm+thQGWSC4e39likaKhgYdHxlb+rQntusEsrYpHvG6crOxgrIxDKJWaPCqnljaBPHt3Vlc4SQ81u47LmCVrYXRvdcFaM61zVbHNBauRMXzuLHNTNlaDca2RdOMt2t3Vxk50UTYyQd1bGGHQpJwQ653KkObu1VoxHQl1w1I2I2s/VdCOK/SGpzROjdbLdHyHxc0RXsHbK0SPjIA9C1y0UrrNa1NynRs5LmdR7pWnOQa5krLBUSRiO9u6tbSPpHXOoK1/BieHmDt2TlFjlBoLbBUOhYNt10PhDlJG6zujAdZzbJptZQ0d0jm30C1PjaW6Kkt1sFUqbFLTl0Cvic0C51VMrbN0SRkjdVEWL5Y+Zq1ViLl6uVsbrahGW7gribFOYH0oEuO+4UBts1Tqa66YaobTR5S7UIcwB/JkWdodCebHuVc5zZhmLfmIC3LyXZo23C6WHV1tSyz+xXMhmdG4Me3dborCQANbqhU9+n0bhPExLG6J3rXrqV4lYQNwvlGF4g6ir43nQbL6RQ1ADWTt9LwunjvfTj8vGXXU+hRQdTb+VFo5aQqJiomWK1EyVMkUUUTCJbJkEQBZQhFDtZMFSpj6UoVBECLolRAIoESggh9kqKhTgKoFN2qWsmCvQCKhVAiiiiAVBFBAA6qKFBARKU6R6ARRRRUAUURKAAUQCiZvsBqC5ujXLK5zw/MWrn0+KZW2crjicbtF8p/D1L9PYnkdmmlD2rRmsV54Yhyz0q8VD5OoOWfXhv2258jt3ulLmjQrlmrkiiuUjaszNUTxVV8jrCRpPqaoBldcd1yopxHq5108eJBz7JXx2FO3V22U0I1VUUwlanadbLLGuiYwW2KX4dvhWBFGnIVsYARtoiokbPO4ZLFVipisGZlfLCJFkkw0HUOVTEWLaov5YLFyquqJGTuujU8yKABuui5GISNgw2aX/ADAzRb+OMunm+IMTjqIRHmty97LmTOFPTcotsZB/RaHNpnMjkPXdxMi5mO1QlrGOPQAAAPsF1Z6Txzt15zFJg2Ygb+y4skjZNC7XwtlZKZpHuj1OyyOjihHMmd1+FPP217vpkc3M+2awSuLafVjWk/1RlkY70rM4jutGBJCZH5y7VKXOumErc1lS716JwLxZVvJzaJgUqrEmb5KR2pTfSq/qRihPqCJN0pKl0ziE2UHUg7VGNGAxAGyZovoVE0e6iqi5sfhaGjKy6WIXarjoLLO02OWUyPDewQyl1UwNRpwJZZL7BacIi50kj37N2WXXXtpzHRETYo/cqyNvQCqWuM0y2AAaJXp0c8ljG/SnpW2zlMGgJo9AfdTsViqIWEh8q6Bvob7olmWH7q6Bo50Y8lTaVjyuMHm8Thg2Yxq14BHlq53+3/Kxxn4jH62T/tj+xXWwWK0Mzv8A+91c+kY0G+bKdlU1uV5cVrmaAwFVFuaMe6RyFkByabFPhxOQlWRtzQ2KNEwRumi7qjxhxmANZm3AII/Rbo5RPhtNUl1zKAT+6GKQ3w6QHcArHwu41vDDgd6Ygf8AKUNtxFt+QT7f3XQafk+5WOo+fRQTeLBaY7lgCXVUViDRaQub9lYWkBZp6gQxmymUtZJpuU8tOxK5WI1cTSCHahJieINczo3XDkLpBmctIi1ZNWubN06g9lic45zfYq4QO3Kujw99QDZuy15rLpliLmsIYy991fBAXNF26LXFSclhu32XWFGxtMC3qvun8kfGuPPheZgld6FnFOyKXK/8s+gr1McPMZynN6FzqjDmywmJ2mT0JfJXxxXS07JKYta35jNVtw6SCaP5rNtPdc2jmkp39bfmN0+4XXhhinyVUGl/Wzx7J6qRJKJ8cuaNt4ygYGOGR8WnnuunTyFzC3Y3sApy5Q4sexT1TxwTA1pMeW7OxKzw0jopCWOuPC9FyIpmGNzbELDJQmJ3ynOI90TofFyXtZzupzQfCz1VE2V2i6U1Owu6vX2VYp3npKv5JvDhT0TonaLNPCYhdekkw940csdXQk6FOdIvLzbpRGepMWiUXar6ylDn2LbWWDnGB+ULbis+uT5Xxq2KYbOS87M3VTlNcLLaMrFzmtc27VSY3JWyPjdZaLuk30SqCNcG6FWwyRM17qswA+l6Tl5fUgNTg2YaboROkD7F2ySJw7LS2Rjm27oN0YKhkzMj3WI2Xv8AhyqkqMNMLep8YuF8sikLaix9R0C9vwbjAp68U73fmaFVzcul3z8o+l05DoGE+vv4ThZ6SQBz2N23/darWXS83qEISlMdkALqomIRolKYnsgmYWQsiomMKgUxSpkClyoomQEJbJilTBSUN0SEVQRIpcqWTIdkFFEBAEHbIqFAVqI2UTBCEExSoMEEVEAqFkVEzwCFCAoUEDC5Etk6VMi2UKiCZIFFFEG9VqUQD/MjYlANObVeS7PZmzPDw3sujDPkt1LE0DdOC3cuWffEXz3XaEnNj1VMkzadui5pknd0x7JooJi28jlz3jGs7X/Fcw3C6lFDzNSyy5VFGwVgDtl6qNjRGMrVy+XrG/E0joskfToq6e7XdTldJctsVnkAt6lhJra3G0SN7Ih11yYaoZrFy6EdVHl9SXXFh89xfdDMqDUML8ocncp+P9n8ltwhmGyQEFMGpK0r8obd2y8xjQjnhnAd20Hld2rk7dl4uumlqMYZGNI2ncLfx+mPTmz0nwb6aF7XWlfr+1157iAMdXyNDtAwWXr8WbLJnfK5to2DIvn2I1RkqXu/T9l1TpM2fTkyOysOXsuZKXSaudda5ZCWvWQGw1VQdXWcN6ksgAdZO4HcKgh2dUhHNA1DUBHcXRlkGW3dLHctsiCnAsp9SlihY3VpEhV/Un1Sa3QaEIWTEIIOJ9Kg0UJslbuha24snaQqlZHq+ymhvh9CSsm5dMSPVoE8dhGs4aaiqDPoWNUjv8PhrP55bLqQxfC0UbR63brCGfEYiG/5ca6w6na7DZY9tuDwxCPVXWJNwgPQ1XQjMD7LLXRIUjoRscicNuwpxHeJLTSX8kAKB3LfG7wVLXFlVWHl0b3fUAnKTzWG/wDicQkPcn//AGXfwVt4JPdcbDY708583/uu7goAoC/3IWtI0nULIkZYoP8AUSmjjzTW8qT6OgHglRTkWRtDZi3shM1tPVx1P0O3Vrhl6lZPEKnDOX3Gv7JS05BlgbOwsd/mA2XD4VaaCvxPDHfUSR+jV2sMl5tMXP8AW3QfZcmsth/E8NZ2luw/qQEtpWOgW8vChGf8tzVphcDZ3YhV1jRHU1MQ21LfsFmiqB/D4wNwE9BqityyPb2C4NZWFziBsVbVymR9huVhbETKQeyIz6YnU7jdzu6aGkdI5rStUlPLI4ZW3AW+OkeHMcGq5SnLnCjc6oDMugXZipGREAN0AWmKKLJ/rRiiMgttZP5LnDny01n53NsFZTDkWY/Vh2XQmyTN5Z0XOideZ9NJ+hS+QxcTlfYLPWwCZzH5snsrIA7MXP8AoUqInOZzG6p/JHUY6iASMuW2mbsslJWSUrxIG6H8xnuunI2FtOGyTtDys08MAiIE8egsPdVz1/ZZjrODKmjZVQv1Gosnp6ptQRnd1rzWC4o2hrH0s2blv2vsvRywxjJLC7srqpGwC13NbqgWtkbruqaeqbI2313Wkt+sfss/pcjnz0rRqWqvkcxmjdl0HDms91UQW9AReisjnuiLtD2WaantZxXQnidHKHDujLBnYCO6c6RY83iVE2Vvy26ryWIwOglsWr6RLAANWrzmN4ZmYXhq346ZdcvHMmI0K2QuDh6ljkj5U2V2iV0hDuhdHPTHrl0uXc6JXRSN1zdKrgmuLO3Wnp3c7RXrCqGzFrrN1V7ai+kjUp5TtGaFDK6PfVBNDS06talytjlz9lQZXNbcN0WuGWlliDHu1QGylbRVdhJmD+1nLZEI6Wojnic4GJ9/uuUcLe6USUkv6artU9DV1FmubnjYNSxtlrxJibX1XDJY6vl1cWYMkjawg+RuuqvE8DzGO9MXOIaSdfuvag6rfHJ3EI6UGpklwNE2OFPqRTWuhZPTKomsggiKJkqcBVCEyX6UyBSyKioK1EzkqZFCZRRBFQRQVBO6jtlFCgFQKKiYIUqbuldugaiCPZIfUg0Qsn3SApjU2QRKA8IAJUyBTIihRQTIFEVEHr6A6ks3RqpMF9A1ajWtDDdZIJxLUrwJ11nt6XOL/wCGvewFrUhweZzNN16SndEYmW8LQADsuPr/ACem/PhledpcJnjiOZZxhNdLN4YvW5UpJGgas75+ms8McOnwBzHhzn6rtRRiFgbmUc1zvZKDG05S7VY9d3r7ac8yFqC9urdlyaytI09K7jrZbLmVtFFI3MtPHZvtn25LKiIN63aqsTvDiQ5Z6mnYZRldsi3L6Q/Vd/wmOXa6NJJI6oY7su62RssgYPC5mF0TwMztl2I42sfo1cHks306/HyhitshI8sj91dZYax+4WU9ujHKnllklfG/QfzrmcmKR80bWuD2i+fz9lvqjzYRTbGQ2ujFDEabNLpHCdT5stuWdjyOP1HKgZTyu+ZJoyy+fYk7kyco6v3/AHXrMSqYKusqqyR35NxF+ht/ZeHq5rzPcdbrXms2OVx1WYuV0jgVncunlNF0gDVQJOxTOPSqe6vIWJJYqA2UKS9kYmtAKQlBpuED6kEa5ypboi6QoM91FWCnug4BSo7uUsgzDRquaLWKpdpZaox8q6jqnDyPIiQp3cuN8ndJIbssnbHcMYO6xa43YdH0F53K6AHTZVUsXLhV2xsubut+ItGjAPK0wMys+6zE9h2WqLVgUtoYNs6w7pm3z5eyfKMoOZJl1uko2UNuVy8ZmMWDyP8AuunMPl6d1x+IxlwkRn6roiWfD2mLCZpv9F11sMBjwhn+p7iqWw8nhmQO+uLT+i2QR8rDY2991eiGj0kzeE0kXOsfCZse/wBk0ejxZLWkgHqfkKtiOWHldyhLH1AtQac0ucbBHoYhi5WRrN27rFi1L8Ux5buzrZ9hqujM7lNEv8yzxuMdQYpNnsIH6oqep6Z4KhtbRU1Ux35cfKf9ysbY3sEzTsDoqKPNQ4tJQP0gfd4PuNl0DE+Z0wDe6EOUInc4OTRQHnvPlbJKd8bAC1aaWC2ru6VKQlDSDlEuatTYwenKtGXIyzVS1wF0StJGRsThUm2ytIdEyyJuH5iqzMJdCnp2KnfnB57KjEIWc5j48w8laQ5jXfM2XOxDEzWP+HhbkYO6eovpdJiFLFEAdSPC588ldWuPL+XGf9Kyy1UdLtqQudPxC9wIY6wWnM1n11I6clDCQBPK57x4cQq5MPiDAea67f8AUVwG1tZUS/Ja6T7KyRuNOu4Usllr8GN8js1EdDNTA5rSecyuwuvbTjlTz3svNcnEGw5pYHhqaIBzfU4lLqWK47ey/iVO05mStW+lxyGaUNzNXj6HJC8c1jiCu62Bhex0LHAFZdNZXb+LHxI6dCr3ANOY91z4HEPDHNWwuyb6oihLWuGqqB5LsrtVsij5ozJ+XE7RzdUJZJIHSRZi1YcQpQ6Gx7rriJ9+rZU1EOfqy6LTmo6j5XxJhzqWbMG2uuVCOjXdfRsdwsVsB6dQvn08TqeYsLbWXTzWNisAh6vNylj11VlvK1lYdcqy7wropTaztVm2fdWt8p6zxsimja7ryrXE6mk9GW5XCnvJoFU3O3Z9k4ivXwUpaQ6Kdt12KTD6qZ4e/EYox4yleCimfa3NsVsi5t7mocfs4rbior61gsYhr42snY8k2Nmr2r2BhbZfH+BKjl48Oa9xGlruX1ySWQvuG3FgtvusO/ozi2/SoQEocHDaxVh2Cf0wL9KCIUTBUCEbKJgiVPZApjClBEoJpBRFBMIlITKICspSrClVQERRKVUEQOqJQ0KCBRFBMipSmKBQChKUyCDDsl2Kc+lKmAdsh3RUQSH0pUyVMFSpglKAKiiiYe1a0Ob1bLZTwU0fUG6rmOc7KAHICSWMauXh98a9Dm49XTT04bvZam1cQ2cvEyVEgIDHardTmqdZoa43XD5PDJ7dPHdeqjrIpH5Q5Xn2XOoaMQsD3+pdA2LdFydSS+nXNVyS5GElcsVsHPu5y6ksXMhIK45wIukc7Nuq4s/U2UtdjDQcsblzpq6eRumZdSHAGiXM/VdA0FMG5ci158nPLHrjqvFc4moLDuVtw7CJfiw9+ay7rcDpzVc3LsuqyNg0a3ZX35/yFx4f7CNgjYGjYJjI1ouXKiWoa3O0uXNkkc5uj+655xem96+LrTThsGbNZcyWQGMue7sqK6rDgymY7XusU0zpbQfQNLq+fHg+ejmMvzXt9J0WPHauaGjfRM2LOY8+xWgVfLhmedmDIz7heVxSueXvz9U8rMn/AKey0+KbXlcTqGth5LNrleXrHEPsupjUpaxwHruuTNKJGg97KuZ7JnJKrcbJyVVJut+U1U53dBAqBaGhVXdWP9Kr+pCavZ6UCBdRpsNELoQYaaqs7okkNSXJQaJrpVEHBumGrkqI9kGaRbYv/DrGRey1g2hsselckGpstcEZMw9lmiHVcrp0LbguKyv025jW1xtZW2vZUtsZLK5ur7eFzX3XRzPSxoutMQsAs2odZXR72Tq4tc6yNvlXSyxdwmA+UBmUqNbNYZlwuJJRNXUtEze4P7hdpuhJPZcGja2t4rMzteUB/RPknZxcCPCqaBu+x/ZbHD8uMbZB/ZYsScDXwMbtf/hahLd4PhLoctAjQaOsBSGUOBSl1usJa0i5x6CO6ohHKJjPdWN6te6NgYXvPr7J6AkbcCM7BGaATUzHf5kYsEaf5lNd/rCeAmOaxRoefxKF9RSvkZ/4mmeL/YaldXCJedFDL/3486uraMc2SeJ1uZcPH3WDh+VkdfJRB1+WDy/9oQyxtnh3a7sU5iswXWueMGMu97qm5kFiinIySuNwAq3ACM/zJ5rtKpc4bJKI78vXZUSANeAFZLJ0WPZYKuYx0ZkO50CqFbjPiFdzZxDH23XMrsRZTxdG4VM03w8ZJ/Ok2XnZZpJJet2614n9ufvpdNVPmN83qWeSlLYzI110zRlOv6LRKA0Myu3XTxJHP3avwLFjhtdGJWtMbtPSvrDZIjRxvDGFkouOlfF5b87Nl0C+kwYkIeC6F0rrSRsFv3V9Yxy6wcT1rYGPpWtbn/2rg4dCwWzNSVVU/FMYfOffRdulwwmFjtll06+OKqFLPLJZjOjst+H1ckEnw1S3LfYrSIzGwCPsEKilbiNIXbTR7LGtZGySABuYaqyAtFhIseHVZbCIahvWNF1YIGTus7p8IiziKRtnt1Yrg5kn02KryzUp8sV0Usc27chTSOXTVB0XMisFYYT/ADKyIANsiFXKmpW2N18/40wkU0wnhb0HdfUZoL3IXDxzDW12GvZl2Gi14rPqPkwsWCyuAzNsoIHQVL4Xt2Vgbldqt5WNjNLGbaIMPTlWp0fdZHaS3VSs7DEWCoc1pK03uNFS4dhurjLqEy29TrBXU8/LNmKkwOOpclDuW7K5q0lZ2PY8KVdK3GWOqnWta3ZfYMNkkqKd/Vc26V+eaWQRvzsdqvrXAvEDa2EQPf8AMj/qt+emHUezikdkIdo8LQwksylHlx1MPOGjxus5zQSAP2KvZ05+plWsunTcnKM/lKjf6IEESgmAKCJQTBSlTlKqKgoogmSWURQsgFKVWFVqoESlMoqBEESgEEJSpkqIKUqIlBMgPpSp0iAB1Qsm7oFMEIUTIOCAVBFApmVQqKIAKIkKJk9hWU7qSSztjshHh9XUMu3bsvV1uFx1hYS3ZaoKYQQhg2C+Wv8AlentTwOBheAn1VOq78VNHC2zWWVt7apRMwmy5e/J11fbo48c5MddFA1DTNonCzaIfSps1QpTJbdLB8jhKAFS6qa1BtU0qvjS+UX6JJHhsZyrNNViNpcFgNQ4tJ/mWnPjtR13imqm6yfKzxyGIdX3VnLu2xWWaVpOXs0Lt54kc96ZJpXNme9vrlNh+qvqi6CKNhdqBneVVRx86oL3bNNwpUzNmquS7vqfsrsPlnq5M2G5C7UP5n6LzNblhpn1b3/M2t7DZdWqllkqXxMZZh+X/wCleR4lM0cuQN6ALepZ2NHm8Qn5lQX+Vz5D4V8yynTRHMJW4pZD4TkANVB6dVoAN1AUM5UujQBckBuUxuUtrJ6zMm0sqwUU9IVD6VOyB2SLQ1TIKXQcFWRAZrKtWRkB4QYj8yytLuvKqb/OurI9ZrrPpty0N7NXYpQGw2XLpxmqF0wbaLDp0xdoDdqaI5TcqprrJg65sFji9awbm6JcA5VgiNlysk1U3PdVOdK9Y6pJLLpGzBu7lyJcSIjs1ywuxM7Fyd4Kdu9V1jI4DldrZcnBpA2aaYbvNlhlndKw2cqaKV8TizNoo+Ni/k7c1bzK4EO2K6EdRovNNcedmXUp5OZooqo79KbxEpx/KufTSOb0hbInG2qmtI0RXa4lMDdwVbXKxp0RDXNaA+47pp43EhzNClaVoOgZbunCpmytkgsxup0f+q8biDn8P8Sw1QbaCT5f6Er1TfkVhH0FZ+I8OjxjCnscz5kTLs+4VJroThrqdjmdQkZzAs4F4791zuF8SFRggpZnf4mmHLI+y3wyAsePCVKM04uwrnOvzAujM4AFc2/zrpYpKg3AauPjk7GuEXgBdgDmVIavJYxL8Ri2VuzTqtOIjocLpDideH1Ozdlx8YozS1ZAbZl16jDJY4SkxOhgr4yHvaD2K6MyOXt48zsbHlczOVe2Hm0fNDtlnqqQ0UpZmzoUraqRxhYx1in8kc82+hqKoO5cbW3N9V2J6uqroIKKFrjHFYf1W3BuDZJck87rDwvXUeHUNC9xjY26V8jfnxf24uHcOshY2oe3UjVdMZRFkCvmnc55aNGKuNrc11nenROEi6W2y6K+KNgdmDUQ0OborI4jsEtHxKaFk7w7Lr5V0RMTuTUfLtsR3V0MTg7q2VrqVsjrSfM8eyJSwWVDD0St5Y7He6sjgbMdG/ZYJoqikIBbzoPHhNHVRtIDXu+2XZPSx0g0xdJbnTAAu06VZCTJE3Nq1JlZfRXKzsNrexasssQyPZl3WoyHYNSTNdo4K4mvkXE1DLQ4oZy35ZK5zhm1C+kca4d8Vg73ZdQQf2Xz6hh52f2W0rGxkve4WSUWW2aPlS/dZ529lcRYohls+xTEAy2OyzXyyrTfMzMFpGVip0YbqNFL/Lt3TydTNFRfrAVM6tiDG3zbnZdzhmtNHjEMjX2JOp8LgytzdIdYnQJ6drj0xvs/yq5uM+uX6PoquOWlY9ncDOttbGJ6QH9l4HgnGm1OGMaXfMZoR9l7h04NKwN6mFdEvuVz9SU0U55Yjd6x3Vvp3RqoGt5b2fqoxwfonss2MrMDLfVKXAGyd9wbBTpI90JKW6JbI6qWVQFIVasKUpwFQRQVEllFFEEVyVOUqqAEEyVMFQsnSlUAUsoogFISpykThAULJiggFUKiiAFgkJKsSmyAqylGxRzKAlUREdEVMqAF1EMqifoPtQGimzVUJwrBICvibK+llQ+iy5UtxNo5dKUgMXHqJrPK18fOo7uRqbVmJvUtkFU2YaLzss5Ksp6oxnRX14amdvRkhYqmcDQKptYZI1hllJfqlx4/ftHXkSWd2bVyWOocAqZ3dOiqa6y6ueJiPk1ucTuq+bl+lVgudHfwnbYssNyqyRNoulytJ/nXPcOZMI9xfVbZAG2Ys8URFSX/AEIiStlbEZsjbMHSuXM8GZ9dm6GDIB7rpSODWzOc3RwK4rYnOh5O4MmdXnpcpZp5/wCCz173ZCbsYF89xWrnnmLnvu0Bew4rxf4eCPDy3/WvntXJmeSsWzJK62qzEnNcK6Rw2VLnANREFkceypLr7Ji7pVJ0crBihcoa/wAygRoS7kBfujopoiJQI/Sg3ZQKggUcps1AoSIPlK46qJTug4tBU+pJ3ATN9dkGtPoumhNm3Qd6bKNJHT5UVry6NF/Mt19brDT6MWoErHp081oJ0so2QRtuVmdJYXWGarPpDllim+fEAekLm1E0hdZqqAcTmKcKufSbNUAPLtXKCJ19NVpbGZXWDVpbRyX0aq67KcMYa89K1Q0TmsN91pgpCJhmbou5yGHXL9CxvbXnl56lonOJzLpw0Za4WW2OJuQ5Wq9rcrhdQ1kUQx5ZbFW5k4A5t1XvqFNUeORXtkCxjRWF1tVIbo5AtkbgQAuPHL1LdFKmba6PNvuo13MZlbu3QoRyBzbFI5roHlzNc26qJseWkh/g/F3Na20NVv8Aclega0B78u11l4ppBVYVHURaSQkHT2VFDWmSijc7e2qqRMXVgtssJ8rXJIJWqvl3bZPFEpPz7rxHMaMYna7XX/le2j+W8lcmbB6U1j5WxNBOqCseekNSATDmQgw3EKt+Z87mBeiMbYbMa6yhcZDoywVzqs+ePbJDw00gSVErZP8A1BdSGCmi0axqzNu1+rnZVp5Lsospta88yNTawthyDZAFzjcqgQnOAt8cWgU6ojYhbVXCNobYK5sQVjafW5S1UiqKEhaoo7apgG5bJwdLKtKgcztkzSIxctRDSWpxcDKGo1OB1HUO6SqaqkbNYiJrCO4WiOItaSFbEXBnlPU450PxFLOzquP7roXefmOai20kly3UbJgBIMp3V81HUWMdmZq1ISCgS6FuTKnib03yrVnjDiEDKimkjLb6FfL6KHlYtVQ+H/8AC+smQahzdDovm2L0rqPi14a3plJ/4RtRY5GP0fwrIZuztv3XH3kudiu/xjWMPIoB64xr+hXJhg5nJb5V830mxz6um5XVl0KWkcCC0roY1ZrOWOy5MByjMuni+nP3FrT8wsVG09leRZ+fyq8t5i5WxqSg5NFKeXK9C93aquxbInEvZcJYiyix6Ev2l0uvsFHYSx0x1vqD99V8BopSZoy3sV9j4fxdmJQwZH/Oh3W3N9Mepke05rZOZGfW2yzRnK43Tghz+a36tz9k8zWEWbutOfXpzdIDcJYhcpI8zHZSryA1twnfSSu3So76qWQCpbJ0vsqCshAqyySyqUqVRRRMgKBCJUTBUqYoFUAUUUVAiiKCABKRMUpQSIIoFMIlupdKSgGQ9kAULWTgDIEbAIaopkU+pQk20RUQFRJUTuAUTJ9Q5rgVsilu1YNFpheA1fI3n0+glGap3auZMcz7rXJH1ErO5ozK+JierrI5qVrbOV8kd9lTqF0RFWict0CV0xO6rUsE8QN7oGydrQU2UdkwIFmAq6ONrZcw2ss0mYsyhFxeKYZdzZTYDvLC14G8myzSy8poYNm9B+6MMZNVcasjBCpqAMlz9bw8pyBjlnLo5oy25P8AQLFhk15C+T0N6E9U4mOd0TtCSxh91z8TifhOAs5jrPf1n7p9XIriPN8U1QnxN8rtbdA+wXkJJPX7LpV1WZYnve6/hcXMW3zd1i2Vk91TI5WSHwk6SFaFYNtUm6dxA0SXF9EwhUUQKcFBQKKfSmlAeyZuyRicelB4AKh9KGzlL3QlEp3Q7qX6kGI3TXtJfwq79SJNilTjXe+qjfWqWuV8fqWVrWOhDsrwdFnjNmqwn5Jf4WVbSs9XOW6ZliyuPWXJJpedKnjzONhspVKvjPMFgrqel5ktnZkYKN5N2ru0UAjZq3VFVEp6KCIXV3yzoGqwZi62VuVOYwPpWXVayKRGM91rNuUqw1N7LNeGhs3TKncbqsaI3VhLdSQ2h1KdUzRZvqUnCSOzdTdFUaj6FddrWWLVjktn0RhtMcvL1HX91shnL2Xy2K44Ja64ctdPNdyJA7lK4uK3F14rLlRSWsWrfEc2qqQqzyREAxPddjl52qbLTyPgj3Z8z7jwvUzDM1cirhcPnD1j+yuIUxSiSBkkbb30ePCbNbqze1ljhzUb3zN1jk1I91rljbZlQzUHceFZhMBv+6r5Qfq1aWtZMR76FOYOUbBGHHONDmfc9kroOXplXWDbapHQtdqVFNz20wy6q8RiwV/KI0ypbWUKissAfdaYwkDbuVzQgzgi6svdqrDU7WoMw9StalbGrQEBYFZYEKoK1npRqaJcbZUY+lpA7oJgjSFnTsmLRfMlThXzSsPJZwVee2gTIFdHLDqKJWgsJK8bxVEW19NVfV3/AHXtneheX4ogdLRlw7IrOvmWLk4hxPO9upBK72E4bmtI9vpWXDMPDq2SZzdT3Xp2tbFhr8u9lOnJ6eKx6NprJMrdLFcFt+T+q9FXtLoZnH1arz0WrXhdXjvpz+We1+8YCqqLx2torY9gElQLi601zUkVipMNbqtrulWuF2BVylfh8lqlgOy+n8Mxw0ULK6BrddHg918riuJAQvpnD8T6jg8ysdd8Z1t91tzUdTX06km+cYC1oBALLe6udGYpLlcjhyq/iWFCQ6TQ7+V2/wA2IP8AC0lxydQjybglu6OWzNVbdskdhuFU4mUD2RKkBsjZFRUFaBTlKU0lSkJiFFYVlKnKVUMKVEUE0gUEyVMFUUKioIlTKJhWQlVhCWwQRCoUxCVMEISqwi6WyASyZFBAS6N0tkbJkUoaolRAJZRMSogn0iMaK06KptwpqdF8xj3NWZrqvImAIULiiCqpCAFlc4K+VrnLK6IrWJoaIgBDIVA0q9StburRYKlrSE4jJCQh+Y0LJLPypngeixCumHLaCFikjfLMyJjfc/oiYKuhc6npbu3lN1kqJR1tdsWELTVSBx5bdo1z6qVhh6d7pwmZsbJJY4w75MTOYf8AcFwuPKyWRtM3L8sgLt1FZTU+GvDXfOL7n7LwuMYtJiFYI3/lt0Ys+rtb8zI85XSARiMeVhlcHWHgK+rGaSQ/yrGQd1Jld4UAA1Q1VdyN1cCSdTktrIuUA8oSl0pRKQ6myuFR3RQ2SoAtKsHpVLUwOiDogoKNQJQkN3IE6o7JTbNZAT61HHVS/WgfUiqO11nLZCbrm5upboHLGrjoNPShVTGKifbvZCO+VLV6wWWdbRha0nULfh0Bc0kpIKczODWrvUdI2OIN7rPq+mvMXUsYbH6Voj0RDQGpQdVm05i69kHTsa3qcq810sskUbM0mVC60NJkZduv2S5hGy8j2grmnEZXdFO3IzyqeXF65ZZCf9yMT8sdI4jTDR87Qi2tpneidp/9S4U9bh8fS5l1z5cZoITZjHfonhXuPZtkzC41CSSXsF48YtWSvD6SKXlroUnEEuXJVQZPfKlgnTtOkeN23WSV13a6K+FrapnMilv7LHVNeX5S1GL1ZlNr5rpoZCNQqWjKyxcmAyvv2SxUdekm7O7rqQOIdlXCgNyuxSyAxa7pw62ON9B2WScdOU7Fao7HVJNCHSWG26vlm4M7TTzAHWMqQyOhcTvG/wDoup8O0vLJdQdli+FfDMQ5t4yqNdBlbqG6Fa2tudVkiuGmNrb32W7x9kUx5SrMJvpsndJZtlI5hsVFMvKGVVmBabXdcKEWUHGURap8tleI7omJClIVrW2anbCrBGQgwaE4F0trKwFAENRCgRQmiEVGKO3QQjZEIfSoFXJdfRuyijdkV0cseiO9C5OKw82jLfIXVl2WOqGZrG+yrpnXgKcinrJIz7qyaoOTKHaeEuORmlx4gbG6wGW7yPCgoSogElJOcvYleOh0ke1fQIouZRzf/SK+f2y1cgHlb+K/bHyrYj1KTatKWE2eUXasK3rmrK31LW2xj+yzNGl1bGbmycRTXs1fQ/wsrJaj43DhlLCBuvnrh0r1X4Yy5eKOXzcmZaz6S+pYO52F4xNTObYSW/VeqjtFdh2K8pi7Xf4SaN1zGTnK9NTzCWgZJ3Ctzdz2via0a+FRNo/M3ZyvuDCCO6hsYbd1UuXWWqy3KLIIAmwBRKsAUidImAKCYpU4khSqwpbKgQoJilVkiBRQPpQRTsgmI6UqoIoooqBbIJ0iBUVZTFBEIFCoomCKFRLugIioimRULJ0CgEsoobqID6NmTApLWSzuMdK947L5l7TmTcQuhmfHk9BsqzxMf+0uLLIZZnnLuVWb/wAquSE7v/UrTuxD/qOM/QuJp/KjcHQMTyD27M2Oc2HLGyxWWDFKiEHO3T3WIZmm+VZ80k82TNYKNLG+Hi+lo6xzKp7Vzavj3mPLYG2HleaxwRc9+TV4XDc/9FrMTdfQIuO3GFjC1pJTRcZZcQtlbsQvD0hY2B8ju2yzwz8uIyOdq8iym2Kke5bxT/janO3KC7RUz4xHUSMcHOZ7Zl5eQl0kJOlxdXtkZ1k7jRY3t0/BtraxrXvIfe685VVbnO+y1TuDYrucuTVSG1xso+XsfHGaWQuJsqHO7BR0l1XmC6JGeiVQSeYnLrJTZUkCdVATslFro36k4EukcbOUOjkD6UyQlF1rIG5bZBydOLGpTZSNIfUoM9+i6F+lQ+hAelUBkPhVOOqc+pVv9ScNATdMXdHukU72TwynTVaqeQ2CzzaM0RhdlOqz6hSu3F+U1PM28CppzmYFsLQY1y9fbq4+hwkES3Xei0uVy8PblXSDgAs3RxDOkVYd9X6Koy3dZLzWxNe9+wChdXyTx0bSXOuXbBcaeZ8r8z9GJDUfFSF79ANlyq2tdPP8NDqqjLrppnxcx1AZHsFyZ8SqavmNa6y6s+EPpMDfNJ+YuBDmj9Opet+OI5++1vKdUNYwvd79S0fC040zapvh3fBks9fdGoh5LA4bWWvwjL51rwarbT4j8OfQdl2sUgiDb5dwvFwF/wDFIZG9jqvTYlXGreyGn1fYXUd8yK469slDXTUmIgB3y7r1NVKyZjHtXGpMObHZ0mpW46aBYdO3ghuXpybMso5uyY2WdaNELrWXVpDsVx4zay6dK7pTgdiEdCexsqoCbLU0XCqJUtjDm3LVHRhzbFqva0AFV6JkqjhaNcqV0br6NV7bImM7pw2cxjulEbOy0Nbc9SWQNbspq4VosiQE1ulVl1nWWSjBWjUqoKyMdWqoxv1WVnZTLd6YtspJWfUmA0Ry31TAISABCeyhGgRTgQWupZFRUA+lGylrIqoVFRFELSVlSuAyarI6LNc+FtIzNsqD0t+61n0zrw/GlI7lsmjb131/dcWnpw5jP9QXsuJoCcLe4bjYLycOIUuHYUyer0e0aBQhdihGGcPSPLrPcMg/VfN4CS8l+5WvGuIKnGa8H0wdgssoyvjt5XTxMjDyVbaziibmFvuVJNGFyF7RR/71o56xkuEqsj8qSC0xuoxVEtMQ5jrFdHheU0XEtFMHWGexXNgu5+Ud1dEHQ1MLu4eLLXn7TX6CroRHh80Y1IDSD91r4bk+JwsMduEuFhlbSQxzbzRf2CzcNzxxPngjdcxmxVz+mPc9u8NOjwmTObZ5PlKVTKQCBmUyhFEhGlVZCUhOUhVRNKUpGiihVJKhZFRWFZCWyscEicBbKIlBUEKQhOUE4VVlFQqbJpRKmSKjQpPqToIAJXp7JSgioWTKIBClumQVEW6iKlkwCiKiA97LjeFN0dO3/wC5c7EOJ6GrgfRxObe24XzdtDjE+7HNXZwankgq+XUN1LF8x8I9z5MUGKGCve1zrsBXoI5WTxh7NVx6rCwKp7mxXYTquhRQxwtAZmuhLRuorCL690llcoC/TZYp+dSQvlibcrapplIOotsqD5zVSP8AiZuZu9ZW/Ndbwt2LWNfI4aBYKfTmOCEN2XNcR+juqI5I5XFrdmq4xmnw25daSRc0Ruc8MboO6zq46ELc0wfm0Whzml6Sniy06z1ZdEwlZ9OqVVVzCaTljYLmVEvVkHZPJL0E/UscjuZtulxz71HdKRdIQnAs1L7LolZKpNwg5M4WSyatVERo1R+lQAWQcmAOoQKb6FW1BCCg5BxsgdRdBxYCl3eookZnahBqg1Kg9SYK7dI9WFVO2TCNKX60I/SgT1JqMTd1khdZwRb9SqvmkU9Qo7VDNcWXUiObReco5cstl3aR11ydx08V04elX3ORUNHStLQDEud08MuYhyyV0pMrI+xF1fJ0vK59a4Acx2wFkKrHidaxrOVHotHDGHxif4md1yuJTxmorC5/5a9BTzQwuDWu6FtzIx65elmhjq43xH0EaLws1CzD62SCZ2hNwfuvZ0uI07QGudoVTjMeFTtZzpWsJ7rWdSMrxXhJpDESA/Rbf4tSDh4QSazh7ljrcPp6WYyUtRzjfbVbMI4VnxGpEkjbA9kdeSYJ49YsMo58RqBy2uAuvY0+GswiDO7rkPldOGhpMLpeWGtD7LE0ullOd1wseu9dHHjwsOaV91rdCBZNDC2LZO4LPW05Zy0I8tWEBIQUjwbWatUDiLLI5XQOQl3KeQ2XQiuWLm0RBZddSGxYqiamzSqLrQ4dCz2VALpgbbuSEKokZtFUDQHWOijna6tSRmyfVyiqgnUaLPI051e2/dB4GZZ1YNGitbuq9tFayyWmZp6lcdQqBpIrwjQIFmoAIkqBGkhClulF30ooSFkVLI2VAoRA6UbI2VQqiNupSyP1LSMqg7qiRt228LSB03VcgWsY9OdWwiale0t7L4DxRDJFxFPG58mQPNhmNl+hZm3Zl918P/Eil+H4n00z3P8AVPj/AGR3fTzVILyvHhbAeY4X7LPC0tZm8hXQf8rqctaHC9K/2WeoOVgHhl1p2jIVM7bvI/0BORmpm1LD5sjF6ihPo2P2Uh3Kol0TuW9jh2K2VUgjbG89iFhb6FsmLDTB8jbgK59lfp+gcIqmOwTDKqL1hliPvopDSCi4lmfF+XNqfvZcLhSZreBKWqZmvGbG7r7ld7GZ/h8RpJYvy5RqtOftj5Pp6Bly253TIRkGBkn8wR3CNZBZRFKUypSqynUIVRKlApyEhVwgQKKBVJA+lI7ZOfCU7KoClKmQIsmKVRFRMikKWuigUyJZBOfKROUApZFBUC3QRKgUkFkE1rJVQIgmsgQVRFURsogAopZRAegFpGFwbblsXnMDq5K7FquST8uMlgXbMvLopz/oK4vC8VqOpl/mlK+be067gAXW2QAA2amI1UskCgKWToFAVFJO7l0z3eArSseJycvDZPsjQ+e1Uxmmfm2B2T4ZHEJjK/Ydknw7qqs6dADqVdVSwC1LF6xuVpfoRVWSNqapzw7oCy0rnS1L2Buyk88bSY491qoqd7KfnO3Kwta8c6fNINDoAs1XUZtCrcQnDYQB6yuVLNfTwsur+N8VTutsqI77qSOMhsntYLXn1HP1fZTcaqiQ2Vzj2VEmqvlIE6XVfMvooXWZZVhbJPqAoPSlcmFg1ABx7BAjKoNXKOPZLTKNVB6VGnRQ90gl+lQFKCodEGsbqUPqStvdT6rqgLtUjvRZG6rcU4Ebo1VH1JyVX9Saji4S2y9Sf6UgN2EJ9e4kuYjqC9BhcvNjAXnm+gtK34XVGGYMOxXN3y146eta4huVXxEhtisUMuZwcteYlwsuLM9O3x0lVD0XC87Wh80mXsF6qQkw2K4ssB5hAahdccUob7KXka7K1dGSjkkdonhpCHWLUTopGCOKon0OYLRFgU1Xo9zl24IWEWDVtjIjFmp3tc5Y6Dhqnhbmf28roOlbTNyxNQdK4iwVQjde5UXpc4UXkqJOtam04a0WTCNXABT8lWEMdkjhZX2Sub0p6WM5BzKWVuXVAiydp4zuCaAkSW7IuCkDQHEeUpU47FHKzKWtddy69L6AF5zDIXwzPc5y71JJqrlRY2lt9FUY+yta4EqEaqtTjLJHosU0Tw3M1dYjVVuiDt26K4HKa8keqzlZchty5XOgja/pS8nSz9LpUSg2S+z04cLrnSRSxSnlt0TxTOzdSy6jaN5OqtaVnDszVbF6lJrh5Vl+lIBqrI23QDN1ThvShl1Vg0CEhkUTfSlPqTSgUUbuj2VCgAiombuqiaiP0qI9lcZdAq5FaQqyL7LeM6zv9S+R/i1T5cQpqjyP+V9dlHQvm/4wQf8AwmilG4IH9UT/AGY9/T5g0m1lfHcBVNFmMPlaLWsuqOdbJ+Wq5HdF1YfylncfklVE4SZ3yw5LC8AEpyA6lJKoBaGCyZYvzG2i2NcZKbIswADAr4CWP9k4T6jwDiLThHwErbhxGn6r22M8mlYHBmgtZfJOEcYGF1THytvGSAvsmIFlZhxcW6kArXn1WXc2NdKXuw2N4doQtsLrw27rhcOTOno8juy7VOfmFqvqenMcX7oov0dZBKEWyVMlTgIUhCtISq5SVlKnKVXE0hCRWu3SW6kyCyhCKVMUqiayWyokSJylKZB9KQpgoUwVBFRUClABMgpAqtPdIgVAoooVUSRG3SiUUwrUROiiYdbEmtOGzmN3qjK5HD7nwYaIqhnSX6LCeK6SfhuGkY3/ABLrMXoqOPLhELHt6wwFfN17Kw5c3TsgoLlt0UJDVHTuopYHdIQro+4XLx0u+ALYdyunJmPQ3uvPcSCajhBa7dJTzFVaFlmbrDC6SGpL3dwVc4nQu1JWWrkfNMGM+2i0/Dg4dSsqqySaT8sbLrvLDR52bMWaRrKWljo4/X3KSqlMVNyW9t1z9Xa6uJ6c2rdI6pD/AKVhmIEpC0kktzOcsWQ8651up4597R1fWI1vVdOdE4FmqqY2atmFimSRVE3Kkh6klyFfJFPrU+lAHyoT2C0Sg1RJGVAKd0AVXc50z/UlOrlJoTY2RGrShoTdG3SkCgblI4pgehILpw1rdEQkBRVAW7quVEb2QkTgL4VY/MVuirBtLdPVLHGxVMfrKdxu9IPXZOBJPKLZOXZ6F7khK7fIsuoUuPV4XOJqe66MUoa7VeWwis5T+UV6QODrFcXkmXXd462GUPGipcAnhAyoi2dYdVvFQb3TiMbhWiPW4VrW2OqjWkikREahXNa7urmtVkceuqNaTlmabvstgjs26giaH6NWhzRkFkjZ8twoI7K9rdECBmQVVZVMqtsjlVQsUZVTMPC2EKlzQU9PGKTRqWk/MurJBc2VVORziAmWOxEehbaUkWWCI3ZotUBtolpY7MXpurcvdZYX9FlrB6E5U3kMoKF2tu0N3RzWSuu5vSrlT8SmGO9+6Xkg6uVMlZh8D/8AF1sUZHbOL/3V8FVh9b1UtZFJbsHj/wB09L4lqoo5KewbquFNEYnr0d7vy5VysUjA1U9VpPSmE3C0NNnrJSuu1bY23epw14KuaelZ+9lY1INIKN1UD3TgoJYPQgodBZBOEiIU+lTuqhUQiEvdMqiKZFCyZXGVIVANESgNAtoiqpAACF85/GEH/pym/wDqNX0aX0r5/wDjC3/9sUx/8xqc+4x7fJW/kx39lrdYNCyAfJjC1SflhdccxpTlgusZPyStlYbUYHlYR+TZOEtbrTELNbqstEThlt5VUlmm6pK/WwsrrODLjdZ43XcArxJeXKmHq+EYpK+mnomNvJJYj2tqvq+DVjqrBYxJ64xkcF8i4Lxg4PjXM86a+6+s4PLDT1L3DLy6jUeFpGXTfhZFPUuZ9IXcaMp5nlcK/wDj4yPrXft8oBa9Vy2G9WqirY+7iB2ViWYRSlunPpSWThoUhTFBOEQpE5QsqiarKKJQVQFKRWFVqoVS6BRQsmkCgiVLJkRRRRMAlTFImEUKNkCgAQlTKEaIBEfpQF1FRAQoFEUER/qUQKiYebouHZ4K2lika0vbYnqXuTnjGQ9hZeRwaoqKziZhNRIQB/yvZOJEh76r5yvZn0Efp1TWRBupugilAoqEaIBBpKwheU4zl1sF66BuaYArwPFM3Oxl8PYJT7NyJ7QiEnchWUsBpIzUP3dshFH8XiTI3bNV+IuyvY36Bop77/I6OOM91TB8/PO7dc+tkdnBHddKMiOmXEqJrPLzt2WM+2qiqm+Zy2pYrn1Khx6s+5K0huVoWsTRdpqsc8hcbLRVyZWgDusdtLq4zsKq5CcyaM3vdVu9N1cRUPpsoELkpgdFWpAk7IhFApApN3IW6rpfrTG+6AjU19LFVtPVZMdWoBOyh9IQ7IoCAqy6qA1TjVAON7qt26fsqn+pAC26q2crCqjonoNJ6wUNpEzuxVZPzkaEv81MQDd3cJHetEk50WgmZ0cjJmr11BO2ejY8fqvLCxXRwGoMT3wvdodlz+Xn06vD17x6undcKxo+YssBt0rTGbvsuGu2NuUZdEwjB3Qi0stDW5tVNa8qwCHWWgNBSWs5WAFS1ENATX6VA26flpgjblPluoBZWgDMgKw0I2CtDQoWhMKC0KqRo1stVgkc1AcvlbkrHSi00h9115Y7Bc6OPrkRpNdPMBa66MMrSuKI3Bl08Ekl7BrilaMelikGXRamyrhwzPDdWrdHNslqWyWSy5/EWLDB6AEOtNLpGPdaHOuuVjuCnHK+CpfLYR2FtNLCyvmpx8g4jwDFPiZK+tLpzJqOq9h+i52B1FXhmIRz0T5GG+o2X3N2BwGnOZzXsAsQVwm8I0vNLwxgAV6qdf29VgWNfGUEc1Q5xmtZGulEjPSsOHUbaWny5W2C2SBsjLBERrPRgBbo99FVTwBrbrXFlzKhpbdWqYGwsmLQXKZVFGiCrmhUAKxrlI1fl0S2UzKKoEUTWUsnoAX2TIWCKcqaIKZKEd1pKyqIJggQtJWdimQXGi8D+MJtwtTe8jf7r6ARoT7L51+MptwxRDy9v91px9xl1Hy2BuZjL+FZe7w1LS/lJ42/OuuuOalrtAwLO0XWirPMt7LO02KEjGOsfdCpsXAZU0fcoOF3q4mlj0fdWNvnzKqOxYT4VkfYJk1xdy5y+w8HgY7wZ0StE9MW8vza+q+NxOu/VfQ/wqqGx4pPDK+wHoH6LSX0z6nt9DdOXMpqgfmAdY8L0cLxNRsk8rz5bEJnyN/ztbeLLqYLKZaU079Hs3Cu/Tn6ntqd8qTM36k5FrAd1XVNMbs3g2TxkHqzXT/NZja2iCcjukKIEKQqz2SFOEVRRIqCSJE5S2VQiEJFYUpCqUqVRRBUkSp9KBKl+lBYBS2TIJaCJSnPqQKegiI8In0oJgELFPpmSlPQBCVOgjQQqIlKnKMAqIkKJ6HD4HidJXzTN2F17EhxeSvP/h/GIcOne5u69MHAr56vX/CNTIoISG6Rws1N9SjvCWnAhIa17vAXzbF3c7GJHjcL13EXEUeBx9LGvNtV5ijdBV8+ulbkz6gFTue18zaopYeRTGZ7rP7LGS+qkLi2zFthl+IgfNI2w7BZJ5ujMOhiw3XZmM1XLaHLtZcSWbm6DZi1YjNf5bdwsTRc5W63RyRoYf8ANOyvzX6T2Tyt5NGGeVmluIWjuFtz9JU1DuZayozW0Tg3uqTo9XCsE9LT7pL3bYpnG5S7OVxnYgCZJeyIcnrMSEihkS3ugITqmzKv6kUAVDsgPKBPSUAl+m6a6S/QiCMoQR0WlK4ot9SDOT0qsm7k7iqgetAAlVuPSrDbVVO9CAud6AVQT81XE3jCzv8AWgCfUgTqgSlJ1QIvaUzXOiqGSjsqQ4K3NmZZLqbF83K9ZSVAnhZMP1XSjN7OC8ngtUWymFztCvS07r6D6dFw+TjHfx1rqQuu3VbIjposEXU0WW2HRtisK6uV1k4b0pLagq4FS1AaKwa6JO6ujAQEEYyqCNWXA0QDSXepAQNR5d0zYyrRGmTOYkDHotWRLy+kooc+aK9gsAjtM8LtmK4BXMmbapLuyWhZDAHCy8JxNxLiEVeaXDPkGI2J22X0CkcC668jxJw459TJUxN1dco0OXgv4iV0czKOvpWTHbPqSV7eDGIZgDlyXXzSlweYYxDJkcMhF17mGISNDcrRZKlMd7n5h8t7VGyOym658MDWnVzl0Y42hiUOqw4k2VrWlGONpN1cGjZbcs6WMdNkxFm6K1saEkVtlbOpETlV8VsqqjByqxrelBacHq0RuQVIUSNSlYNAKxqq2TB3SoxUq7siCqub2TNN0BcCmKRqco1Rbopb9SYJylRCKUFMrjOwzVCFGlQrSM+ork0Yvl/4ySZsPooPBb/dfUJNgPcL5L+Lz74tBT+Be32K38f3GPTwUPpAVsX5hVLdD+q0RWGdy6nLWeTVxVI+pWxHM94VMhyuIT1NFv0D3TzaN0QjsYb9woAZISfCuJquPpiITH8vMEB3CMN5Int8pkuhN2A+V2MFxB2F41BWZtAQD+q4kJsMvhb2AFou61yAr5qOo+9xOirslVBpHIOYz9FtppT8TDWt/wDmPX4B2XluFMSbBhUNFUdEkYsy/cHey9VQxCbDKumj6DHIJGDvYC603GfU9PQkANLXNvmWLlAPLfR4SUNa+opYJJdOY24WuZvNbYt+YNlM3m45+pvtQBIzd1wmEjVG5tnbo5QdA1aJAlBK5pafUheyeAxSkJr3UsgK0E5SH0qgHZBRRUVIlKsSkKpSwh9Kg9KhCH0pliBRQKd0YRbIWTIFGAtkqdLZUA3U2TIHwgFQRsgQeyQwEqZApwYCihCisE4OzHh4OLLFx1/Zd6NoDbKrCKUUWCQxlti4C4WgCxXzr1vwhCS5z2VxsgWjcJEqdo66UWc9ORmdZKYy19wppx804gvV49UzSOcYIwNEl3OpYQGWuTZa8Xw6o/jL2SNyQ3uf1Sizb1Bc3I3Rg/osO+vx2eLj9U5xNWclukLPXZc/E6qF0+VukLFpObD6aQv1kqNlxcSbkiDGuuTupjTtjcS6UvcrqSMRXlcqnasZG3dXyjK1jB+qqIK6V0t5D+izSygw27q6XRumywSHNstolNmpHKN1SnU2VQqhGl1UtMgsyyzW6lcZ0d23QunbayrKpmllERsogFKS5TmyU2QKIOiLhokKhJyoAW6UQOnVJqnBQDEXsiB1JERdAO5VN9SdxuFXs5AQjdVO2TklVnwgLWehVO9Ssb6VW5AVIFFQhEMB6UWus5TtZVk2KpTXBNy5g4L1VFVdAcO+68YHLs4ZWWYIy5c/k42N/H09nRkbh110mu0XCw6ZpZY6ELqxydV/K4LM9O/jrXQjN07QqIvUtTdlDeCrIwUisjQqnsnaO6Flc0aJEgCsAQaFYAgFsjl6bI2QdcbICmSwdkC59XHplC3yNOa6olAy67oDlRzuhkyrTLMJWWKzVcNutZ2uOVSVNLDHvlakgID7I5iRZVxRnOniXSgbmfdbnN6Vhpuk6rWZh3RImlEmU2K0CdgF1z5pBuFnEpJstYTrfGAmwVjZb6ly5PNEaAq7bLSU/jrvtlYrGyNXnhiFlY3FAPpRpfB38zeyhc1cduLx/wAquGIQu+pGl8G/mNB1R5rSsRmYRcOWc4pTxus57QVNOcV1O9wrGlYIa1kguHNWuOVrlFPMXhytabhUgtKsaQloMQFCfClwheyqEYHypc9kBqnFgribBamKAChKuVHURoBmYD21Xw38Sat9Vx/ID6Iw5n9V9xGryfAJX554oqTV8aYid7SkLp8Tl79MFgdlL2ZIFPy7g7hCUFtKX+V0Oas0ZyyfdR0eYvKTexWpoFvuhLJCd2rTCPkkLHfJXhq1xXBPhXE1VCLzOupAeXMWlWAfNuEkgyvBVkO0y3wtbKLF1ra/ssMo+bmCujcQEaWPc8N1WIY7JHVMZ8ug0J++q+nYZXSzzx1zYssFuW+3uvjXCeOzYO2elZ+XVEB/9l9Z4bEmH0sdI+eOaOeMv/UbLXms+o9JS8uSeanj9EZvH9gulHIJIb/5g0XApC+nmYTu3oJ83XZdZoErNiq6muawlQHRuY9v6p73sQrAecz7qqM5bxpz6Qm7tVDG3uoLjRDIVQVOGXZV807FaCB3Vbow5XLAGa4ugfSjky6IH0oBQoEWqd1RF7qFF26DkEBVdlalsqlFVqJiDdKQmkFEUqqECUpkLJwB9KKiiAiVRRSqFcEqcpSE4QKIqJ6HbdndBCC3Ww0U1tqvB4PxRikVfDSObz+ZYXyr3vWLcz1ndfPPU3QIQYoVOyAYANbdSNwkcqs2hU/LsfKi30rmPGcRzyT4oynZq8nrt4XMdFF8RyGdcbN13sfcylqTUMZ84iwXmwJaWIl2hl3JXJb7ejxMjFUOZK993bbLicoyzkudmAWrFpjG8hm5WbUU8bBud1UpdBQxc0ve7slJPxBcdls5fIiLGfusVjkJ8K+azws8rWxfdc6TRtgr5SHMDi5ZyTm10HlbcpGPpYpELuuhJoNFbCNFpEUsh6bLOVfMNVncCqTTApSVIzohfqTRgg6IFwyon0qmyCMofSoTZqUG+iBhrIONkTa9kpsboPABTXFkgtsnIGQIJEboAKG2ZAEnRJfqTHTdJcF2iAmiQo6BKgLGpJEzUJAgKkrtk9u6R2qIcLm1SuClimNgFQUg20TxymF4kDtuyqdulLczrKeovmvZYbXNlhY4O+69FRVAczKvm+G1TqOYMPoK9fh9XYg5lxeXjPbu8XXvHqoZVsiddcmKU6Ed1vpySuSu3ltBVsazhw2V0RQutCuYqLq5pCRLGKxVtBKsylSEuoTfVCyItZOhXKRussnUdFe7ws7jZqIGWaMSP9lidAQ+wW6Q2aqASU4VYxAboWLXrVfqWaV1nXVYkzZCExlJ3csUk9nKp1Q8+lPFTnW10vUoHtDfUueJnfUi6a+gcqkaTxtbpc2yzCpde2ZUcx5dZjbqiVwpX5ZmuYfBTX8MdDnE/U1R0zg3RckYnTmXlxuzv8BWCtvf5TtN/ZLSxvFU8fyo/F/zaLj/APUGG3LDO243CkXEeHbMc2Q/7lUlK811fjX7Nc6y8/i+KfD1F83Mf4CNXi1RNcQsaxh75Vx3UplmzvdnRgnP9vX4FjMtREOZ0eAvYUs5IHUvH4HSgxjK1erp4iAAVnWPbrRyLQ0hYWtcGq6MnZRqGvRMLKgOITXvsnKFt09x3VFyFCStJSrRfwk1Sg6o3Vxn1C1dQ2kw+pndpaJ39l+cnF1XjFTUDUzTX/dfdeNqoUfCVU8utcZP3BXxLh2J00kOZumhXRw5+y4pD8PJl721WesNqGFvmy62PQlz5py3QSZAuLObthB9l1cuTpngF5S09gr2u6be6paQ2pKs+yaKzVTT8Sx4WjmXGiM0YMV1nadgVWlWv0uCSRvM1Cdxu4JoO4VaWFk2HspGeykoSxEbJk3QEg+trAvrXCdRHLg1LOc1mgDOdl8ga45suXRfUfw9xZ2J4acJMTckIvcN8C605qLHtjMZi+VjrsJXZw2Tnw5T6VyKN0fw7IBpZmv3V+GT5JpI82i2nuY5+p7dcu5UoYNlJABOCE+Vs9OXNdqFU1rpYfcKYyppHaoZjsiy0jNeyhACr/ogIukOia6iYVlJ9KucNVWQVUpEaj9SlrKbpghUITWQOioB2QTHZKfKcBFCmugU9ThUEUNEaQFLZPbqQT0YWyiZKjQRBOlsg9BQo2UIRCIojZRMa+eUVRLT47A7N13Asvrpc6RkD3bvYCV8ywfAqscU8qpgdYa38FfTi0MyN3yiy8D8j04dwCqf6VYXXVbj2SURozApHHM5o8J2/mWCSUthz5tDbRZd1txPbxuPymasyDsuLiEpkYG+F0Z5hNishOwXBxCbNK/JsFyuyOROefX5ewTxAuqTbYKqNpfMZAt1IWNYS7umdLNJ0cvusBkF8qvld86R6wN1YZCtOUWKZwQ63ZKdWAFMfmSAeVJrBvLG4W/NRVcjRkFlqijtTgrOGktAXREVqPMVcqLHNk1cqSLlWOvdVj1K9jOlIsw2VbQb6p3HRAnRMiyG7tFBtZQEB6hHVdESQjWykX1Jj61VHo8pqEk5roA63RHcFS1k4EtrdWX6bJQOm6F+pJI3RUQPpTUDjdIERq5B2gSSB1S/UiDdQ+UAWnrsnkVQPWnkSBHbJEX+lJfqVQIRqg4o7uSyJhWB1apXboj1IO3TUY6tv41XbwnEGZRG99nhcNpQygHMHWKw8nOxtx3j6TR1GZgYXLq0spGhXzfC8d5M4jndpsvZ4dWtmZcOXD3xju8fkeia6+oWmMrn07unVbWkW9SxdcrU0q6M9SytV7LpG2NdZPe6pB6Va03UpG6rceyfZVOGqARypcrXBUyJwlEqz26lfJ7qr6kyqqSwWKVy2zelc2Y2KpXKmXVyrJsjK42VObym0kK5xdoEY2siOaZ2RnuqiHTS5YOs+y6MPDRq2A1M+T21T1V6+LJV4zBJTf4Rue2lwteGYAKyFlXWvc8+NV1ZsBw+PCjTwOaH+Viw3F5KWA0Ra0PHlqGXfk9enUlpMNoYBI2CO9v5QvNYnjTY88bWR2Phouhi+NG/Jc67/Zeckm5smZ2hVSDx83r7YxQwT1b5NrrT8HT0rLtbqtMMUk7rhuRXup2npOtlrHX8fTDGHSuDRsupFRsDQ3Kno6Vu+XZdSGAE3DUWsunRwKlDYl22ts9Z8Pp8sQdstuUdlh05evtoaRYBKNHpRcJwLuus0r2gFqIACpbcK0bIgMCE1gQqwE2zVcJCbJgUkgu26XmAREnstIjp4v8AFSu5eAx04dbmPbp+tl4nBoORTsPcMsut+JlX8ViVFTtdcCx/ZyrpKVzYc2XoW/Fkc/Uc3GR/hQ0/U8FeVrC74kNGzF7DFIjUVkEUbbjJdePrRJHiU8ZbqLrq5rk7hWEZr91YPUqGixH2WiIZnfZWzORdtllc3qWoa5vZUkXKAui1amb0uSQ6OVsg6kBHNu26zvGV11qbqLKpzbvLVfNKw8RzL2X4d4oMLxWYO0Eun7iy8XT6SgeV0M0lHUxyN0sQf2Kufab9PvGGxPdWTF2xvZWQSNgxYQv+vRYsArpcSwOlrIm3NgH/AHK211Oc/wAQNJmP2WvNYd8+nfi/w85iOx2ReDA+42KzRzOq6BlQPW3QrUxxqqX3Cr/uufr7RpAGndQhUx6OstWhFlV9Eot1KIlBMkO6iPdBAVOF0kattcFVR7kK5fRChJ6EzdlCLtQCfSlPpVlkjgqgJZSyeyCYIVAoSpugsKd7pU9kMiaSoEprJCEgmimillLJkmnZRSyFkwGnhRGxUQHXEEck3Oy9ZVpAbv3VVHWw4pSc+mc037K4t5gF1889ZVpbRVuV72hpsFRu6yYSQso6bmSOtfZcDGMbiEV26vC08R0889XDK13y4rG3nRfP6qokmpJ3n1AkD9Cubtv457a5nhz3zt7rg1pc2mc5u5XUrr0eGRkbyLi10xbExg7rJ1wKeB7ae/lX9Bhyt3CtEoioxfusbulhc126cCiQ8yU5f1WSYt2bsFqHSSfK58t8/KHcq+SqyFvyjI79FRG7mvJ7rTVWio44276KmCEh+cbWWsqbF8cYERcfsPutmPUsuH0NCx2hmY2S3sEaWhdWTQQjbOHn7J+Mq5tRxDTU0fWIYRGP0VamuI5ILd1ZLE+M5XNsd1SSrjnpHatICjhaIWRGjSp9Oq0CrvdG9kC4FuimhbZOAyqB1Ti4dZV2u4phHetE3zWShMUAwOiX6kL9kwQkyUopSgAEshTHRV7lAFihKB0QQE+tqaRL3RcjAQnRJ3aifSh3anIBCSVMEsiYVhDRRKgJdC6NkLpaZJIxI3XRdnhzHXUlWKWZ3QdiuQSqJYeZlIdZ42WXfOxtx3j67SS3s/Ndh2XTbM07L51w3xA4NFNO7bRe2pqpkjAQvN8nGV6Pj8np24pLrS2RcyKS61tkWTol10Y3gtsrmkLBE7VaQ5CmguVZKF0LoSVypkVhKqkQTO9VAdSuduk2cgqqnsGrj1Duqy6lU4WXEqJOtWvlXIbhZ6iVooHyO0tdWGZob1OsvP4njkMtUIItRtZU016HhmZkji8O0C7tRiTGO0e1fP6UVFPUh4dy2HsnMk7ndT3FXzBOPk9VNxG2G/VdeWxCSsxSuNWH8gDsg1oGp1RGaSW42VYqeCaoBLXZvW/3W408jqcTubm9gnFE2dlstnrpRYcIKZhc5N08+ORhgc+VmXJkWyCnLZRfVXOjZI0cvQrRBGQ/XZL5F0tMMYAa3crdh9G5soJbosohzyghd6kPLhALdVGuWtbdGBoTXsk5nTdQG6muetA1RvZyRhturDqoSIkTRyX0CqATtGUogXXsoDmSuN26JQcquFTyEhlguVXTOjjYwbnddB0tmklcGSq5lTVSH8uIO1/S6bPp834okNVxpHDm0juP6r0sEBbQvHg5F4/Dy7FuLamd23MJH9F7WcmkY8fRyy/9QtIxrm4fEKjEHgt/J0/ZeS4lpXQ4k+py2BNl7vAYyaZ9S5tjMc/6LBxVhrZ8Pe6Ntza6346Z98vnRIuz3VrXCOe3lZog65a71MTzHpDvC6ub6cvUxqvlkI8hIB1XTG7og4KH0XVJG9k4dcKr6VIzrZAXbiw3RIvqPUmi0cXDcJWghmYJgNBIx43BXUr45nSRyllo3sOq5jg7IXs7L08PPxbhWGWFvMNNZkna19f7KvknHpfwwxeR1R/DJn2jLC9n6BfTssczA9rr5flv+5X50oaqXDsS5tNLqX6dtF934XmM+EMnkd6rPP8AuWss+2XX9NuETGmxWajk9DrkLpwnkVj2F1mO2XJrQXTsq4W6xmz105/8ZBHPFuNVr9ubuLpRknA7FXStyvaQs88jjSseW6hXNkEsQS9+mYJSmIsoqBR6VDoFOyjvpTBWjQqhukzgtAWf/wCcsqlAj0lHsAj9RSqiTulPrTN3QI60AlkExQIVBWR2QCYobJkBKF0UuuZCRukJT2ulLSgAojqhdUQKI3QsgAQojdRBuF+H1FW/DvkMt49l7loytsuBw/hMvD4+Hllc9h/uvQH0ZhsvnderJ6VSm5sE7YgBdJD8x9ytWlrnZMMVU1hhs/RndfO8ZpY4nl9O28bnm337r3mM/Ph5TXZGHuvFYyGUV4Yuwz39yubux18RwqyX4uZkQbpGNlx5miapt4XSjc7kGoduSQudFG1lQZM11lW8WVuYZGs9IWUuBjzOWmqdmddrlkl0Iburhq5XgM6VmoxmqTmT3tMR2RgAbLJIVaVFWeZUlrey2YdHaEl7VgbrMT/OV12gRxMZ3QGqimEUnMfoMlguOZGycTwlvUzOCT7Lozt/wck3YaBcmkvnMw0sFU6iOosxmpbV4k9zNAzo/Zcwk3TyAhxd3ebpbLblh1Bt8slVn0BWWvG5VSOGSwWsSAFioR1XUjN23KhOicAuOqqLrOVko2sqbJg4UKQ3vdM49SAHdWj0qsBOhKI2QRQCSelVjQpnJdkAHJQiUO6ID/Uo5F26VyoKz6ED6gifSkJ6ggG8oFAnpKAUgp0KrKclIUgiBUughSJNkxPhIgoHU1wkZoQva8O4+yam+Hd+YvFg2QbI6lqRNE61lh5PHro8fkx9fo57DK532XTilBavEYLjMeIQhpdaQL01LK4nKXLj64d3j7dqOQLTHLdcyKTM6y1Rkhyxx0y66LXJis8Tr6KwOSCEJSE59khKAzyC2qrJEmivIBOqpnbl9KKTjV0j43WC5FRPHE3M52q7tdHmhPleKrqSqdUm/oVRcJUVr6hxbGsFDh7YXGokbd110o4mU7NN1SHPj0DdCtJP7aSatF5NeyfljNoo2M5LeVY2MjRaSx0cYUxiy00MbIwS9qkcRP0rW2kObq2T1pGaXM5/yVugicYbyPu5Exxx9MbEQ5kds26m0dd4aEEvtk0C2f6WtSxxSvaC3QLo09O1rbubqpc3XZqOER9RbqugHAKuMNVnSpc/XRw660RNCzxgK9oKTKn+qwVob0qtrSE5JsjCEDVMQlCJKALdCpLbKqy430Vc0tmG6CZK2fLTvGb2XnMcldh/DdTI3/M/5Fl0aiQySZTtdeY47r3RUENIx2j9/wB05U2OFwXAZoZJm7s7/ovSV0v+BDXeuRwZ+6xcN0ho+G3SRN65ZG/sdFudB8XjNLT/APas8/oVes7z7daGJtPDTQfyR2KrrYBPA+Nrdwtj2snxGRreyWSPI4hXz1iOuXxrHKJ+G4s+7dHrI3qcWFe84xwz4imdKxuo1XgBdrhftuuzx9a5e+W2AgMDEPTJkKzlxa8PGwWqUc2ESjstmRT0u12QHS7Mmd82EEbpSc0eXugLYXa38qxvS/L5VPpiAG4TuPSwpha3QFp2W/AMdmwOpmhYxr4aq4sXeRlXPJAbnVU8HMs52nf7IS9NV8IVtCyGue5opZRnuHA/Zeh4Q4jqG4uyme61MzQD37LgYbik1bw1Nhk87iGvHL/QLFh80uGVLHnNzo9LFHPV3Kz7533H6CEbZoXkaCQJ8G6qCeEO1jJC5HC2J/xfBGF+k1xdbor0ON5S60co/qurm7Mc/UdMuApsp+ydsdoQAn5UboTk1N0GghmVVv8ATHCtzbFWG2VEuBbYKgOOexTnsjDVpUOoTfZKO6YAKj/5y60BVNF5iU4EO5SK09yk+lVCKFO6P0odkwUhCycoIIhCFkyFlRarOiUKwhV2TA+ylwoggsRTRSyNkEVBNZTIgEUTWUT08d0tElszdktVIBHkatIy5VmMYc/VfOx6xICAyysaCSc2yYxsGgVNdzPhssPrRb6HM9udieJ0UED2yNaSvDY9PHWTSSQ+jIB4WbEJ6ltfNHVa66W1VOIRtkmjMbrXA0/RcfX27OPbJPG6JscbnXBWC7I6h7cq6ToTJXxguvkWCrnjOJENb6UpWuKHtGXM5YZJHCo6VsqJLwmQLmbuzl2q0lB815gzupWP5bixqEEZlmMnhVTEuY6TyQP3VpNSx5sjzsF0Kpp5rHN7paOlLaYFzbDRboGxmrBf6GBTaeM2LycmhjhbubErmA8umAHqK14gTV4mQ30WsFhmuJQz+VHP2jqM8mpsqirpGm/3Wd+9guqMeljXWhcs5C3yUroaBkj9pCQFz5CQtYzw7R8tQeiyNwAlBF9U4AldZ1kg8oyjM8IusG6JgqYi9khUBN0BYEUAohIoFFVk9SAKUol1gkvfVAGyTZ6OZDunAsck3UkkHZAKgEnoVJ9QV0h6bKj6rpASd1AgShdSohPUhsod7qEpAECVLpSUBLoKXCCYQqXsgp7JFD0s0lFViaJzgB2X0LBsaZiMIDHfMG6+dDRPSV02F1gnhdod7LDvjXR4+32KCcSWy9lubVBzgV5PB8XgroA6J+vcLvRTA2XD3Mel4+9dmKa71dHKubE4nULQ1xvqsm7oApSqQ6yfOhIEoWbbVEi6SQW1CSlE0IK51bRtkZYNXSs87qGPpVSh4qai5TyXLO7l7Bq9bV4dztmrjVGDSg6MVWqlcyOxKviLc2qP8OqWn0JoqGcu9Cc6bc9RfHltorOYALlPFhlR/K1b6fC27yu2VSqvkkc6KKaq0jbZdKkwtjW3n1K2CRsAyxMbYKieoe45Q3dGseu7VvNjhORjdFe1wKxxQt0c9zrrY2JJlaujIVgtmSxxLRHEChFWRNFleywUjjA0UDepKoxZcWQt0qN2UKAh+lQoJCTmQBcQFy6yqs4gLXVTtjHqXGqHcyRTaEuC3MfK8BxtLJLjEcDNT/8Ale8AaYj7a/svBn/4nxjM7dkT7f2VcoengpHUuA4VHt0Nkf8AoVfhhbV45XV7PyWFzGfqFMZlkhgYG5ckcRZ+6mEQ/CcNQNZ66l7ZCfbZWnHSp2kVOf8AnZdXSNzHMO6ZsYE9v9GiIblBBRpY4+IUolY9h2K+V45h5oa94y9BX2KaPmBeM4uwxs1IXhuoW3j7z0y75328A3qYWLVRydBhcs0YMb3X3Cgl5cweu/muLqY0xfKkLHIWyyXTzDMwStUdaSG4TJW5136LW1oMSx5SBcq+CUEI0LI3Na7K5N5Y7vshNG02KeP5sRd3CNAYdUSYdiDHZtL7dl6XEcNq8RrBidO1j4CNerZeWkvI2/ddzhzGZqLEYaKR96SXoePvpsmHvODMWdQ1DKIxXEmofqvdYmHS0sdUHXMUmv6L5lR1k2BccCmmc40kxtTl+lgTovqNPE9sc1FUOjInu9hDr7rXjrGPfOunC7I+CUflysF/urxYzPA2XLwl0s2HyUcvTJA45P8AaNl0S5rWRyN7GxWjk69Fkic3qamYGPZ1etXNeBHm8rO6LM7mDt2VS79oTUGxUaOpKZM7hfcKxvquqICLKuMbq2QgMuq4vQSUT6AO2SdlYRdqXKrgwp8JCrSOpVkJwUqCsshZVqcVqJrIWSLCpbJyEtlQwiBsmIKSxzIBgFEeyF0wWyiZLdASyiiiA7yihOqF1889VWPWmJslbq8hMeoEjskbzWKcOwNqjWPbcPXi8Sby5GPZsx5X1iobHLhb7a77r5RVA2nEmwe637ri6+3X4WS5DxIuS3KZ5JH911a5wjoA4LjVGtg3uiOiq8QcMjImrCGEu19Kksrpc3lq0SubyYWDfuriKqk9HJj0tuhDHzJ2MP5Y/uhI7LK8eVuwikdMzKdrgq9hY6VbkhpoYx/mWePsFikmBmJH2WnE3B09NH3hZk/qsczmRsLzupWzOcA8nuubO4837rWLuY93us5aJJmK+J7ZVTK7ltF1URu7udldWC8gaOyrjBkq4Ix3Nl1c/bHp0cZcW0lLF4s/9wuRlzH7rpY/f49kXYRt/suc09IB+krVFVyWGiLg0MFkrrEkoBwcAURMA+pFQ2UTAKD1KIj1IBgp3RIsEpQnBPpuk3TE3alCIRXG+iW9tFO6hVACFPpR3Udo1AIVYFUdwnGiYhZFSVZIVWdUlggfVdT6kLqaUKFHbKKFBlSpkndCQURClk1EcFAmKUJVJiqwer2TH0pLZkjjTRVs2GVIlgd0dwvoGDYzDiUQcx9iNwvmodm6eysinqcOkEtK7TuFzeXx79OrxeTPVfZ4K0Rvst4mGXVeD4d4lpa6MMnfkm8FerimLtTsuLrjHoc+R1Y5LlXtcua2XwrW1FnWKzay66QIUcAs0cvTcp890HgkIao5whzAUGIt3UMbSl3RFgUgU090vw+X6VpDksjiUy1VlAVZuL3RPq9SolD81g5VzTI4kHRARvOoVohOW5WmFvTqq0KowToWq+OPVEN6lexv+lGppQFfEgB/pV0YH8qNGHaf9StbZV2/0qC6WlYc+yCI0CqdJ2RqcBxKonqgGZQmklDRquVVTAk23SpYlRMcpKwBziczm6FGRzzoFdGBJMI3aCym/YkY8Sqm4dQSO7uYbLyPClK4xVVYdXvlauzxES6OZ5d0M0H6qvhundT8Imc7uljK05R028SNcKej6uuR7QR9yu+6lbDSUkI/ymALzc7n4pxJHFmzMjN/1BuvUzkmRgO97J0p9BqKi6aZ2a1k0gDZsqUNs7VAqtzQ0WXHxOl51O9p7ruObzHLJVR5hlCcuVNnp8axalNLXkZdLrnSC77Be14pw7re8N2Xjmt3J7Lv8feuLyctMMt2cpyeL5cmQ7FYwSHZx2WpruczMNwuhgdw1IVbbNfYKxhzGypdpJqpobIeppYVCTFKA39UhPLs4K8WLM3lIDJHcGVu3gKinq4o6mOoy3dC8Gx9lY0vikD2/shVwMaecG/mbgbJyh9d4iwSPizgOi4qoJfnUYbzI/AGpWrgjHzi+GsrXucXwnJY9gF5j8KeLIMPr6nhzEnO+CxCMsj8Bx0CnDsNRhHGuJ8Mx9DpJHPivoC3YLTj9lR1/b69CRHjMcg/LnYP3K3ENiMkbvuF5xtUXUELQ759FJkP6Lv1RMsMU7e4F1tz7cfcOGn9FPpsERrBcKQkOabrTWUiots64RjN23TSCwuli6IblVvoBJ7Iub06KRtvclM7f2RoIbdkExCGiegqiKOiNCtBMQlI8KokiCsskVAqCe3UgQjQQpT6k9lCFRFSlOgjRhFExQvZGgpsopuojQ7hBbLlPZAd00krZJeaHXv4SDW58r596hhGA8ObqSqKqqhp2Pu11raoVE7qGxDbvdsuBimLYjhNNO6ros7JR0ENRodjEMQpqLhv4jPfOTYDdfNZ5BVPe1v1m/7pRWVtdIxhdaC97LLI2SnxIB2x8Lhv27fFFWJtPLDey42Iu5TGFvZdvEnDnW7AXXnauYOlt2Tjes0XW/mDY7ozn5twmhFgQNkjB84E9laKeWMySCNvrcQvX4XhzqSINky3yFedw6nNVXGYeiNdb4ipNSW5r6FKqiqSAy4kXZumxXExAP8AjDGHaArrtikifJIX3auHHmnxN53F0BeWiOAnysUNzKXeFsr3WeIxsszRbRbcfbKqT8yoJKbDoxLiTHf9s3ShwzkNV+Gxkc+XwF0RlYpxJ3PxF8mbYAfsucLjOVoc71k+VSCC158hasqXYW8oR35dsql9inLrBMiKIXUBubICIgdSBPdM3ZAMTcJfZRp6kHb6ISCGyJSFOBHboInZBMkCDlClKAH1JwUgTD0phW5Vu3TvS7uU1ZL7oHZMkN8qVCfUod1PqUKAVIQnSlCQCiiUlNSOKAUJugPCVCFLYpkpSKBbqRGYfUggSUGjmgP5kbuXINiF6bh/jJ1O4Utc7QaZyvMKEMcMrmNIWffjla8eS8vsVFWR1TA+J7XgrS6azso3Xx/DsZrMLkBhfePwV7nBuLKPELRvdkm7gri78Vjt8fllexjkeY+rZWNmA0Dly/jHZbBrizyniqGZbLmsdc6dQSXTg2WFszTs5WNmGySmwSJswWYSAps4QbSHFDMSqhKn5qC02UFKYUwIciGm9kzVAOzWWmNoDfUoGgC6QA50aWtDQ0DVOCP5lXZO0I0z3H8yZrghlB2TWAR8gbOnDrKoEIlwtbMjQcuvoFnlkEbblR82QLmVlVm0zI1OFqKslxAcsupN0oGbVMTcWCNAtF3ppXFsOZu6WFpL8vdCZwFQIvY3S/U9PLcUTXihga7YgH9126vLR8CU2TT0/wB15rHA508Y7veP7r0XEZEHDFFRn8x2Uj9Ctk2G4cpw5oqTq92pXemP+MA97rn4HA6CjhjdobLdP/4q4+yVRTudzKu4Vh1cqIwecStFui6RFHS+yqnZbVXOFwg7qZYqtGPMY5R86Auyr5pXU5pakt7FfZaqEOhcC1fOuIcOzSHK3VbePr2x759PIu0dlCsgdytPKEseV+V3ZAj+i9Dm7HD1Mam9PzE0zBM0OZ23VLZLtynurIyW9PZKpESCSOx3CEMxidkf3QLeW/TYpHNzPv42QG8EA2KePqvG769lla4kglafXYt3CICtzU9RG9uk9Mbxn3Gy9/jOKUuOtwXH8Pn5OMUoZDMwOtntqSvA1FyA76+6vw6UxTRyxOyPD7nwrlLH2fB8RiDpGSvzyVLLm3ZxXscPlNRg/LG7SQvk1PJHLNell+dJECP9y+gcK1j6TDiyqzSE7n3WvNc/k5x6NnQAOx0UtlkyDuizLNALFoJOl0IxmOUOaXjutdc1S/X1bBIAXPt2TydRyhtkWgt0LVWkh9OiDvToifAUdsQEBWVLJrIfSmREExQQAslVqSyqUsIlIT2Qsq0i2SkJygnoLbpSqyyV26ehWVEbFRPQSyichKQkRCFEyiAxcIGrihFJX5uY0XJK9Scg9LrhYpaNssL8nQ94tdLRRzQU/Klfnt3XgvTW1AfLNGct2sKGL2rMKmbO24aDZX2OW6skijnpZIu72WUWLjwuJYG/DcJZVdLASSF5enLZqvNI69l7LjaWb+FQUDnt0J28WXj4GsjYTsQuSu7x/Tk10wzzSdgvPO6n8z6V18RcOXIA5cdnUy3YJxdsWxkMjydyhI3lRX7lWwU75GGpc20YSOBlqGNGyoN+GzmloC3vLYrt4fHy6GaaRvWRp+y5kELGmPNtcLv1rmQx5Q3cFK2YccCWUxYSXO7rBhMP+HfM7daMdcG4fTQt3IFx+qqhdyKDKG9kQViqvmTXVbT0oh2YEnugQY228ro8bDpmcMri5dCFnJwp7v8AuaLBUDo5fcldCtk5FPDTFtn5AT9itZ1EuLLo2yqd0wrRUDqCpl1sPC2jHot9AUL3BKI9KqB3Cpms90I9yidEI/SUKiHVqJNtErfUmk0cgD6W3U31Ud6UL9KEgkKKCcCKJW6lRx7JhNkAeqyiU+pKEI7px6FW0p79KoK3bqtM/wBSXZSsqCN0pSoRQjuopfpQCpDZOVWUBLoKIJgCh3RKHdKgTskKJQSCJUyVNKKKKIAJJGtFnxu5b/IcrELA7qOoviuthfFlfh7RHP8AMhXsML4jw/ELAStZIey+cBrWu0SkPD8zHZD7aLn78Urq481j7BJIYxnZqPZGKscd2r5nh3FGIULg1zuZH/VeroeKqKss17mwvPlcvXjsdfHlleujrArRODsuGJmluaJ7ZPstMM2tis8azp2GyJ+auayoA+pW83MNHJU9dWKULQ2Wy40cro3WLVrimJUVcdEydKAd1LOJCnaSkbTnCta4Fmqy5nJmyeU8PGkODVDc6qm4k9LkhkdHoUEtc7WwSucGjM5UOq449SsE1U6d1hsgLKjEAelqygF3U5KYwFASN0BaHAaIiPL1pLX1WhpJZYoSWPqlD9rLHNJzK85dfK135bD2XMF2xVNSdQdrJ8/aa8zNFJV8VCNvoz3/AGXe4ldz8XwyEbMH/wD0FTgoYcbBezUNdqt8rW1GJQudvGdP3W2wq7c+SKsYxmlgQnkbqHdyVRM138VLjsdlqcbzMB8payNlDZPumumlsZLpNEgBISkpjZCwQFE2osvL47R31a1etc0ZVzqynbI03V8VPcfJcWpHRuLg1c1p7Fe2xjDrveMq8XVROilIHZd/i6cffIG4bor4nDKs7XX0KbXdq3rnab8xtkgBj3RiI3TSESFSFYd137LVFJyzmCyO6DZ2yvu3kgt2QGzM2o07pQ0tOXZCnIdFcaFWNPNHVoQmHRwitkpauOQvcHNP9F9g4DrYjM+iq38znfMB+6+Im7Y8x0aP6r13CdYIsQpp31Fg0jTNrZXyz7j7dFEaOpfDVNtHIbRlXSiOF4dA/Q6Izcqrp4Zua0wlgs/+Q2VEBhdIIM13k6LXm77cvfOVqPMY/M9u6ZzuaMqYF0l2Zm6JXCONvU79U5UYqNr2GqlrKp0kcT7tdnHgJue2dtmMctSHsh9CgBDSCh9KCTslKY/SpbqVBEiYhKUAEqcpd05SBAoqJkCROgmCH3UsigqgBKU6Qi7kaWAomUQHUb4RdHYIxtINwrSAWLwXpqhLduVEDq0UjjG6G8wY3RSceB4wrPiseZE36QAvPYgLdLd/K7GJRg8STtLrgW1/VedqpDz39XQuO/b0uJkcPEOmpy5tFzppC3obuVbWSl05JUw+JtTijCfQxVIjqOoWyQYVHSyNsX6lV4ZAJpHyjZqrx2sdLUvI02AXUwukdDhrG/W7Uo01dYWwYbzDuZWW/ddnEWu/h8Mh9by232uvP4i2SsxiCiiZoDf9ivR4xM2KeGmLfyYnX+4UqjyuJDm4k8dorhViUfDG/dK0mpfJKd5DdW1EbY4Aw7qjrA1nMIYNxsmqLNjsfWDqrMOytxS8jujJdVTkSzTO/wBZ/Zac1nYqp4DVY5SQj6nha8flvjRYP8uMM/ZW8Kxc7i0Tn8uljD/2K5uIy87GKqQbGR1v3WnH2ysZKg3eAqXetPKLy/ZVO9QK64ypgLNVIF3K7N0EKqLVybPBJ6rIjTRL9abfRMwj8pnaoWsFAgJfslKmbqslcUFiJSbaKAd1JBfVEMBogd0XbJbdk9BrpXaBQJHHsiFhwnVUfU+ytd06qixQ4pb9KYgJfZTp4UhA3RIQskcKEeyG2iiBUSEI7JboSgQIRupdMEKCJCCVPUShEpUYQpUboICKJboXS08OggpdFOClKKCR6CrdG4+l1lYoDZLDlX0WL1mGu6ZXEe+q9bhPGkMuWOoZY+dF4w2O6pd8t92rLrxSt+PLY+sNxCCbVj9CtEc3drrrxGHTEwsu5diOeSO1naLi8nGenZx5Neoiqzs5boai681FVOy3crm12VYWNZXqWziysbOF5luJq4YmOylUr0YqNbZlDOO7l50Yjd2jleKhzm6oVrrurWw7OVEmIuk2XNBLt1e1vZLQsvzNXKwA9knLV0dg6yZxAOxREXcq05MlwqwSdkzPlB2ROo+yGYtb7qVbsrWBu7001grJi6Itaqq9xpcNjp26kbrRFC12IZDq0DVZJjzROXu9KcSqweB8k08x0Fv+FuwaEzvdK7sVzsG57sHkeXWLyLD2XosOgbS00MQ3I1T1Niydx+PY0dgrJj1iydwaKtBzc0uiScWbs1SWQkPZqjc2W7lSTWQyoE32RJsmEsqJo7jVX3HdVusVUFjzuKUoLD0rwuMYcYX5su6+m1sHMiIC83i9G2RgJbqFvx1lY9R81dHlqHMKcnLay6OJ0J5pe3subCRmyv3Xdx1ri75xc02F024uFQc2e3ZMHa2GyeIO5plYqoc8EvVqwq8O8JZBolgXRzgTdGy0OmGYWXPjtH1LSC1wuN04WulRzBxySbDVa6Zwgn50bXabdWl1x80jbW0C3U9Q2QaO6wmb7V+H2Pirwd7JqyKSa5HIy9Vrr2fIkq28+BzGPaNOlfnvDp3NrIKqJ7o5oTewdoV9awDiymxGRkLpeTUgDQ91U6Yd8vTfGSzvDZGWmbvbRXxCimdYudfuMyzvqed1FmSoA37H9ElLJBK/K9vLmPdbSenPZ7dHkxNFg1US09+qN2RO5ssfR629rJWvLzaZuT2Tmpqlt8huj/lNVk7Q25bsliaJYel2o7LTf0kPZHukv1Wc2ycjugi26Uv3TAqEKgRCyb2UsgEIQ+lNZSyoioJyELIGKlE9kCjSIUqYpSLp6EUUsonodkDpKZnpUt0lAeleG9FNgWqi/KpJ53eLD9E980gaO6y8SVDKfCpuq1o/6rLu5GnE2vntVJzKerqvru4fsV5erl5WHyF3rN16CYmKjhjLfzpHX+x1Xksel5s/Kh2G65XpT6cV1y67+66mHwGJvNYs9JS/FziI6W7rs1VqKiyMbc23Wsqcrhzg1FSB5IXu6ejaMOkdzWjlALxuDUs1XXsLW3bqSvUPkH/TFa9rtbtssQ5/DZNXxVbcsDtf0WjiCta2rqbtvIX2/dZuBwW19TVHsxw/cLLicokl69ZDrdOHGWnblmDPpakrZby/0TXysLh3Wao9IVwiwx2zv73shJHy5C7tkTQm7g3xqq5iTA9x82VhrwJzocIraluj5Lx/ouSWkPObf1rqucIcPhjZsTcrBURjKSO628c9s+vphcbueQl9LQoTlbZSQXaF1Oaq5PTYIx6NSynrARPpQj9RFu6UaBM3ymEcgiTdyBQCGw1S3u5GTZINRdAOfSh9NkWpSgFLtbIja6rBuVYNGoBW7pXepN3uqyeu3hBrIPzE83oSQ+tNMdFRKj6gh9SJ7JRupND6UgTn0pR6bpCE+pDumS90yqP9KrVr/Sq+6aQKihUCABQUKiVIEh9SdIfUqhh9Sn0qe6iXQKUqJUClQoIpSgFUUUQEUUUQBCqc05rqxSRpyFCuXaweTM23hd+PVjSvKYM5zZiMy9JTOJiXn+We3d4/p0oytAy5R0rLGCbLa302XN06IAyfyqxpZ/KoAmb6vSorSLI8t/StUd3BUx27q4D+VJS5rSNFqiu1ZogtcQHdILBGXC6AHZOATo1ygjyuuUHDxgBmqcCzb9kBkcz1JQ8npGyDMZ25hZuqqsJKt+d2jQreWyPrO4WOUPkkhgGheTzT7dk4BiLooZJneuTZY62LlwBo3kNz+i2VcodkDWrNVObljkf9IIP6qohowtrTJM1rflgjIuw2P57LN0C52Fw/D4YC71vIXVvmbdqZI4gz+lLqJtE0V8xJahYc65REldGebcJybaFJMTnAamNjYd1aaFgdBuoR03UHy3XcgZS82DU0gSCEhGiY2br3SyOvsqgUmJxOuy5OIU5Oi7bgOWs0kYLbuVM+nhcRobXs1eQxCldC/M1fSq6EySnK1eZxaiYTpuVt4+8Y9c68m2TMNVM3LVlZAad9g1Z4TzPUu2XXNZi5p7q3MHMVHpPsje+yuIXOj6UAS1qDZCNCnNnIsRi+KobIA16Z0TmHPGsRBa5XxzuGh2SGuxRVBkjvmyvC7dLPLC1kofYjYheVa5o1Y7VdHD65w+VNsVldlX8dj7DgXGETaONtU3nTDv7L1glpsSgZUwO9Xj2Xwyiqqmiu6N/Qe/le54cx2KSmYyOfkzR6lh7qufJYz74fQIpgTy3v6wtzAXDK5zfZcKkxKGt1a60/dbYZbSjnNze66ee9jmvFjcc0TS2Rtws8UbDcxOstZcGsIc7OFiaI75g7JdXyzswWxOz3cndJlQBcRdQgObZaEBNxdAG6IH0qEZUyGyBRv0oDVAIiiUqokRKCiAQpCFaR0pbKdKq0LKyyFlWgiie3lRGljs9kn0pswLbJJSyCnMsr2sA/1Lw9eniqEgZ5X6WNguTxRPTfwqOkzXfPIQf1COEVD8dxiQtfkpYRrbvZcriX4d2KPipncwxsBB8FYeTr8dXh5/Xj8crWwv5TW6NaLfdeQmbK173nd+y9NjUzHN5cjGseNbh2684ZH1WIwhregHVYx2NOERyBxe5V1kwkBDl1nU8dJQ8xu71xZ3F/yxuVRu5wvIMPw2rqJG3GSwP3XPhqHx8OQNe7/wARmJ/ddOovBwe+nazrdb+64+Ixujwylp2+tmn7lQzdrhylNPh1T/5moP2C87OTPXyPDtGmy9a6+G8EQtLf8SWarylOMkIc/wBZ3CcUMjegN8LCZM0uU9itokzCZx7LmRm7i4K4nFsZs6Z/07I1jb0cbW7uN0Y23h5R3e9WTC1dHANRGy6sFl/IZH3CyTGzHg+FssJaseFjrSA8kfZa+O+2fX0wjq3QkNm/ZEaapJCA1dTl6V+p6l0O9wjEAb3TKInGgSOFnJyemyNKkHqRKgHUhvdGigdWWStFkW72UIsUaWIdBdLGc10T6UrdEaMVtHzbKw7oNHWprnsjRgXVduu6c3zIIGLItCllPSnGmqqkTMp+lRu6G6KAB9CUehO70KtuyQpUG7olQJio7VqqCsJVaYAnpUB6VCgEBD5U+lHdqHayCwuyBOqZ2yQp0sS6l0FCl0CFQKFQbqVClTJSgIlTdkiAKil1LoCFLITkCYqsguyDyUK5dKiidHO33Xepg4RrhtJbUxtHsu3TuOWy4fK7ePp1ae53W+P3XOpydF0IVy9OnloDVLAJgRZMGgrOtILdVawhqrDQrI2hJTQyy0ssVkAsVcNLIDa1wZslc5x0SxW3KtGUtukpI6d2S+ZaQGxxWVcbXZPUny2ZcoCmZuVvNc7RiyQSl0M0h9cmh+wTVLpJZ2U7Nnb+yskbG4Mji9X1pgLsFMZnfouViDHTiCBvrkIJ/QrbV3EDIz3WaOF8uMMeNmppdyRpjcyLsFsgGUrOep5dutMbtPSqTUkktoErW5tVMt3XKjnEaBESBc1tk4bzG5gqxlNgd1Zfl9KtJJM2YAos0dZCRuWVhTyZSLt3TSEgOexQa0HQo3cf2UDT+qqApjbm1VM7QNArHnzoUjLkHNp4TRXPliGoy6nZebrsO5tYWt7L1cpDXWLbk7LnOoXRXfmu8pxFjxOJYeJwenULzM1M6F+XKvo9dSDIbNs8rzlZQuLDmbqt+PJjPrjXlWu1sVY1uqsnpzDKQVW2+67eepXL1xhwRmsVG3B0S/VdO0hWnDXaUACSkkaTq1WRStDcp0KMThruj17LRFINw66qu61jqCquVyzmY79FNn9r5rvQ4iY2B0moW+If5kM+S/jsvMRSGRuR7LhbIZ3xWaHaDZZXlVyvcYTxg+ltBWt6htMvo2G8Rl2HwyVjGyU8nomDrkfoF8ajnpqunDXtzvW6ixiuwOZgilc+lv1wdrKee8pdePY+6wStLRkl50MguH7K+KiDoWEu2Xk8P4qwuqoIKuje2MAWfT+CfHdegoquQASDWF/9F28d7PTj78beWGB9i24UdG3LmYyxVny52ZnH9FRKOQQWNuCtJdYWYjcw9SJ1VkkYkaC1VWLTZXKlPZTZNYFCxy6oBb3QR3Usq0iqIoI0wSp0C3wknSoKEFRMtKooomeuy31XLbBeYxjB6nH6x0Dah8MI8W/5XpQ4nfZZJo556aaOkyseb65tl4F5r1eZryuGxP4V4hNCyV0kEsYDz7n7LlTzMjrKmoD/AKz/AHXq8SwmKhwcGR/Oqybk7rwGLSxOY9rNABqubq+3d4+cjy9XNJPWvlnf0XNkmH/KzvOuY2Cqny1cjohsF08NiZHLBG9vQw3KJGv6sxNzoaOOP6ysFDAZqwZ9wtWKVQl4kjYzWNgH9lfRtEmJGQNsEUdfS/F83yYWvsLjRVS0nx3EceV3QLafZLOTXY+yBmgjB1P2WvheCSoxR87nfLjvqFKOYs4pmc2qhi2YBsvPOGapLzsFv4krHVeMvt6AufJrEURYOyfw6Zw3JXJh6WBvst2YfD5FkhjvOPAKuJbqGISVYa/xcLM5x/irwPNlrgJLp6gbMBCzUUYkzyl2t1U6hLIumaR3gXXIldzS/wC66c8vLz27iy5MVg8rfixlephToFVMSWiyaUk3Ve7dV1RzdI3TRRuiB9eibZMoh1ddNZK30phsgk2VV+pWyelVfUgI3R6hOqmxQ90FoHZRuyN0NlI0BoVN3qE+EIzbUqj0rT1ofVZFvrU7lA1b9IVDiVo8LO/1lGgoRKICOiNGFPpsq2elMfVZLazUCFKmyKV3hMUCldoj2QemASneyZKfWgHCTvZOEv1oAFVK07KpOFUUPpUKiXREKgRKClQpUyCAHZInSICKKKIAlKPXGPdEqNBzs+6PxXLoM/8AEg+LLtU211xGfnLswehq4vI7ePp16c9bFsiKwwHZboj1Ll7+nRy2tVrVUz0q0LJpDIsLsygTD1JKOL5loaCVlzEHRPznIDoBpLdFZGRkudgsQqHBMZTm02KDdCN3QW9ypNUshgyu3OyqDhHTF7twskfzWmom2HoCAsbK6jYZ3tvJJoAruS2GEVB3k7KU8Zn+fO3TsFKzqBedI49gnBWGBzqzEw0+hl1voog2GaUN1edFmha2joJJvrk2W6kBFLHGdwgLW6Rs7HutAzFlg5Z8ocT2stAADQA5NNEkRsCF72Qda2rVXc9lXJHOjwQmcQZLlVBxc7wrCbEW1VVNGWTmODURYCwUPlAC6aBDXH9VHmw0dqFHSWAaO6pmMZsGu61cBmtM7s7nbKmclzswd0BPZ2lnWHdKBHJJbN8sbq0UgYC3mO77JXOEQvvdaHQ3eHf5fZUyxiTRiURXKnpy5/Ny3Hhc6rpOYzMG7r0OWwyLFNEWv0amHhsQwgi7156enkjd6V9Jq6cSuu7RcGuoWuvlat+O8Z9R47Mdsqlu5XSqqR0brZFz3RuG+y6Oe2HXIiw2TFrZd91WIxuHJgb6jstZ1rOwWySRdLtQr22dq1VtkzDK5qHLLXXYqsJoLmN0yXVga1zPHssrJXxuuxuqtbPc3d61lVxsp5OQwENdZn+ldSDEBJHna1tvB0XLhq3gfN2VvKZOc8Gr/B0XP1m+2vNdeldDHMyphby5m9uy9jhHHtXHUcmqY0s/3aL5tBLNHIWTt1C6sUsZaLuzjwtOO8T3zK+64XjlLWRsfG79l3M0dVHcHbsdF8Q4cx+HDZwQ5wH8mVfTMLxePEGcxs+QHsunnySuLvx47cd4ybu0TuH1BJHCyaPK19yjHHIy8buoLollcl5wror2c1ysB0sUImjVpch6X2TLD6dkLKaIXTGJZLZG6XVAwqF0xCUiyE4CCZKRdUMRRQBRAx05pI6WmfLM7JGBqSubS8S4bHTPfHrrYHsSvJcSYnW11VPRyy8mkBMf3RqIoqHh+CHlRiPSxPdfM9eSvb8XLt41VMioJKrPnzR3C+XYzVCkpb/XKST9ivVVVVzsFyF+h0Xg8cnE1THBD8wno1Weu3melFHTucDINl6CRo/hgcxtn+VgjgMVMxo0HdaMXd8Fw+0tdq69lenI5tIOc+epduBb9l08Mu2nzO91gpYJBQMdsJd1sdNltG3RjBqlano2C/4yqqal+0ei72AmnocLmmHRmvsuNQ5cPweRr9JKg/8AK6NdD8DgEMbmtzv1KmU+Y81NMKive3L3VU8e4aroXATyShuj9lXOHw0hJbq5VKK5jtLBbsPo3OgMm2Z+Ufcrm8txyk+ortzOdFhcFIz1kgk91SaOI0X8HwV7JJWvkmfoGOuudRUpipy4v3bdPVtvLaRzpCPKkzjFTNae6URXNqif5ljAI1WmqJDgeyp0K34+2FU36CqRdWu0uqQbbLsl9Mqt0GVB26m9imOhQQ26UAeqyJQAs/VAwXemyq90zndWirc6wsjRhnbJeyUu7IkoTgo7hBKTlQZe6jj0oX6rKSaCyosGM2U7lL4Uug8aB2Czy/mEK7NayzPdeZLDWKDVQmyQmxRgA+uyB2Qe7upmRgRirPrVjSkPqunACU6qXs5Qp6RVEd9Amy9kaYfRdKUwFzlUcLN0RoVlJZOOrRKnKVJ3U7on1WQ/zbJWgDslTu0Nkp3SCBQ7obNU3fqgAUAiR3QBQAURRICBhSoz6PuoUYe1/KNVy3j80LrwbNXKIs5hXUhIFiuLyO3xupTm4BXRg1XOh6WBb4BZoXP39N+W+PWyt2WdrldmusGsq1QO6koN1B6kjW5hmVgLbtVB11TgtJ1QbVdmWyMdm3v+iqbHfX6UskgzhrOooNrc5sserrN7quka6slznSGHUDz2VTmlzhHs0rpRCOJrGN09vKAtcczLD0rnTTGqrBTj8sWurqyoMDC06Pf6EuHUroaN5flzyd0wNaWyuZEzbRbS4wtF9wFj5Vq5gV0hMwA7oJbHKHWcN+60ZmkC26zsbHGS7yrIQBqUyq1znOZYpY7gCykjilvayvmJTLd2nSmBLSkzEqZn5vSqKrTIhzBl9SrAI1ekc3mShjdj3QigZS45WpuUxpzndaxSxwR3Gt1nqJRCzlhl3u2VyJ0rnGYiOPY7pncrKKVm/cpo4eRD6ryPUsxrelt39yqwtMMxjbD2YlDOW3pRB8bqOumiqXODdlRKRJp3Wkhp+6qIA+6AxTUrXM13XJqqQ7Nau04ElQxAtsWppseQnoXHdq5FXhZ7NXvJqUO2XLqKTqsWq+bYi868FLRGLVqptbfRewqMNGX0rkVWE/6Vtz2y65cW91Y130hXy0b4/pcq+Q5b8+RnYga5p11YrvhGFueN2vhU6x7ucix3VduYFK04Dp3QPtNF0ey1NyutJTPt99FbHKx0eWZrT7oNp6e925vssaqGbVtvlndd/crXDJC30PvdZcsPpMDvvlVZa2DVjG/qjF47McbXWIc266uHYpPRyDrdYLzeHV0Lpi2pa5jB3YumI46p1qeobk7Z3WWfuUrNfWuGuII52Brpd16xtQ5sgc7Vh+pfBqQ1OGPztfnA8L6Jw5xu2WEU1WywOgJ8rs8ffr25vJ4t+ntpS3OJAmBY4Zg1VRPcYRmY0iT0EKxpfE7K5n7LqnUrhvOVN0LJ7F22UfdTlu7uaq2D4qrKWVxbpZVkgdJRpYrujopq51mtREEvfKjSwhshdPJGG6d0mQqtGIVEOW5RPSx5HiqFrcR+JdrC3UgeV5KbHKrFqkRTNdHTRnoZ5C+p4nw2ajCWcrM8skF8/deIxPCZqjG2Sy07aaCmZ2bYGy+Y75se34+nIxOubFRiONtmtF15+iy/HfEuZfl9a3Y9UAVMkUbbi26qowY8KF2XfISP0Wcdsb4A6docW2BeVix+rZ8ugLbka/uu3myujja3YA/0XBmaJMbmfI25DBdUZozIXwxM2WiqcyB5Dm72SYfSTOqWPZrqlx+shiqQ3Lc7Kai/bo0UP8RqRNJpCNgtHEnNkEcGbU7fYKzBYHx4aySVuRm4WDEq0zVBk/luAhc+nOo4C6okYXdESx1lUZdP2VlI6TJO/wD7i58zusMHZVGdGnaXVAaey60uR0okG7dCuZS5jKZm9tFsyvFKZT9asqyynPVkqiqkzPAPZWRHqLisjpM0hunGfdU1ZzWWc6N0TyXJIVchAC6fHPbDpQ43KU6aI65lCuisxb4T6u0SMsrBbMUADfdKb2umcSlcbsQFd/KSTdFpGbVK4glGANrJygeyDt0yFxQKh3UVEA9aEvhGPVyWT1INOzUBumGyDfWlAtf2WbTmLS71LMCM6YW6FKbXTDZKLXKZYQ2Soi2qCDRDum7JT4SBLdV1FFHdrIJIx6roj03TN9CUaMsjTAeVHfluKgUcbxkI0oqi9JKCZmjLJfqsgUp9aU6S3TP9SrJu9AO7U3SbkouPUogAPVZL9SbukPqugGOyS6a92pUCGupdKESgylWxjMwEdlVurodHWU043Nd0D2XSpxnsVyvpAC6tKOWwXXL3HZ466sBzdK3R3aLLFFZoDwtsTri5XN26I1Ry5dCrmyA7LO0tOparWuBWFi5WgMdv5RDSq45b6JjIdglh6uuBoh0l1lTzfpcna0O0CFLOa8dI2WmBscbC926ztv6USC5+UO0TU0QAukMmbpC2xuDWGR+42VEcYEYDW7IyNNUAxulkErjjNZUc6Zvp2Wp13OADrBBzS1gZtZWuDW02m6AzuPKxBndXcw3zNboszpQawDLqpmIsC5AaWy591qjByrDHK1bY3aKomrCgbIFyrJNlfJHDbuuHIh19PCrbcpg6zS2LUqiWStLrM8p48oOX02SRxPDwS5V8wvmMYb19inIyrRM5sTC5z/sFXSFst5pm6jdRzWQC9Q3mP8BO1zZGZnNyMCuJRw5fW/d+yrbeF1suclK65kznUDZP1Eh2yZLI27uy2ulcDmshaxuH3UdKMuUbpkUgDTuqDdxsrg0ucnyt2G6AoEQG6jo7q0tI3Q1OiqBlLQ3ZZ5IWv3W6SMN1Cp5RdqmlzJaEnZYpqIj6V3zG7Yqsxt7oKvLy0IP0LFNhcZ30XrnQMOyzS0Wb6U5UXmPGy4YW+ht1kkibHo9ll7Q4W4u9LgocGZI2z2X/APSq+RfB4bksd6XotbLB6XXXsJeF4Xata4Kh3DLx6XJ/KF8a8/BWkH5zbrTJLQVTbHMxb5OFKmX0vj+ypfwlXR6sZdTe40nLKMLhqGARS2t5W/DOFGSF89VWujjGwY7dZzg+Lxfl0cr/ALNVMuIz0kgiqnOgkb2k0Cj+Sfg+NdptHMX8qnc6OHs+bS66seGyUgjdJURZH983deekx01DI2ySxyAaDkrZLWyh0ML6OpeHAG/02R8ur9J6/wCP2+lYHj7KRrKaaodIw2AObZexp5szGmL5l+6+KtkqzCGw4dUnwQ1dzCMb4jomZI6CpAHeRui7fH8s9uXvjl9VMbXavY5iXKwenMSvPx8RYpHy3VNA4xkDOQ1dGHF31Tc0LLj23W3zxz/CtscpkN/HZGWFp63LC3GaaJxLqefmeFobiFLWenOw+CqnTG81aJraMbooJS52XLp5RjDQ6ztvKsc22gy5E/lCnNUy2DbN190kYO7VY8Nbtsq7t+lH8kP4UeZ/M1RQZj9N1Ev5YPh04WMca01LitFT007fhpXgv6vdPxdj2Fth5EGsksd7/deX4yiwuPicSUzmmCJmtvIK88K4TyzVR1DWWZfwvE79vU8U9uJXHmYyKdrr597LuU7Y75RtCL/quBhtpsYkqH9tl6GhEZe93krGO+JUy8sGdzrBguuNh4MnMqJHXNz/AHW3iSU8gU7coedljpA9rGMHfdFp36dzCyaOmkq3bdguNS0wxTG2Okbdgfcro4hURtpRDH6ANf1W7AYQ2FkjMoL97qdZyLcareUeRE3LG0ABefxI2gha31nddHEp+bXPyZSyPdcJznV1Y++gGyNa2ZGyIZcJPTYlcEB3MaDuV062WWGmEY9HZc8BweXHbsqlZNdJGIZcmbRbMXlbHRMjZ31WSlaDMzP31S4pMyWsEUezQtCrM4gUl+5WBp6jdWyyHPl8KmqdYAhXzGPXtVmGchZ5tFa4X6lQ43NguzxzIx6KHeURqbpbHLZPG3srqFjbWRIy6qWaleeyAVxJS3I6VCelVZutEAHwoNUXG5ugCAUAzkpKsdq0FUEkIB7dSJCGbpUMlmXypykMOzkjvzVbTxkwvcdFnkcObZUFjPSoPWlB0TD1IBlmbbOVo2BKzN9aYaG2SttnKLLIbFBK9NUptlTEBIfSgzC1kh9acWskftcICH1IIjUKDVIhA0S97JgeyWM3msg0G9kGnrsifWUjNX3QQHSSyDh1J935kl7oFI7Ryrb600lswQaN0BD5UdumHoS/WUAEiYHqKBQAHhQhEIHV2iDRMQi4WagPdLQRXQes37BVW61fAGkE91NpxpivluuxTgSQiy5VLZzS0rq0pDW5Vzd118fTbTuv0lbI9PssUXstERObKey5+o6I3tcOyt5jeyoiKa7XHL5WViouDmH6k5lv0hcoQVIxItc9vJ1sullAGQ7qcVKLTzdDpZaIxpo7ZZHRn6XWVkbtm90YqVuEt227poCY5LObuqmx5lqbGbWSVK0RHlvtm0KtDhHLoqY8ocC7srpCJbENQBdK6XTKpI2TLooJctulSUtLBZyY1XG0CuYXquYMM2YO0SSSEVQJSvnEnQOyMC6GRuYNC6UTSubRxgvuV2GgBtynE2qyEqsJaTYuss7n/Oy9lpzEabUusFpj5cTLN9fdY5Z2tORjmkpReR+TqJPhXIm1a0yzyERu6RutIlZTw8trbk7vVEULYWubE/rO4TBzRv23VYinFo2Bz+sX3Tz2kZ7FZzNf0t091A45LOTiasjHKs07JnSOvbLokEwyWKHNu62VMtFxaNG7qADvumc3pzKsyhuhQFt+wRASA31DkedfTKjAscWu0SXypMzcqHNaNFcidBxDdSmbZzbhVGzjdG5GyeDTlvYpHQsKfMbelCyMSo5LQVLO7NWhDlgowao5cn+lTlu7q4taP5lBETsjBqm9tMqhEh2atbYtLFqMVO+abKHNDEqqRRFCHMvmbnWmjgnlaSWOFu/ldenwyBrmf5xHZi6Ip6moqQ2KDIwdsqytXIx0dFNFRioka0MtexbqkxHAcB4gw7JVUXzCPzA0A/uvSU+D1dU/JIxwjXVgwClhZlDtuyyGPnvAf4eYPh0OKwGLn6Olj5mrhYdl6nD6WlxLBGZKCLPS/L1YL6Lr0/LpcVEbGtAkZyvvdYeFpxFxDilEXNGWRwst+OtY+Ry5TymfJgiBBtbKnlFRkjLsmv0Bq6FW6E1r4mNz2eb2QxCXLTgmLIBscq653jmrDg7JailxGF+YmKPMwH3KOEcMj4Z+JRVtiCbxZjuD4WrhOtgkxyenc3PzmAWH3W3hgQxYpVUtS/l/Mdy2Pd5cVHXk+znLDFJi4yP/AIdEWXIuYuwWuKKSWa1ZFFGzuWNtZekxKqjgpnxSMyDtbRecwUvxLE3wn8iPV9+/hY3zWL/jlX0+H1Lulrc0flam4MWuuH3C7ha0aN0aFUbA6LK+fpU8PLBHhtO1vXqrBRUo1a262N98qhDSNGqL5emk8UZRSx9mKK9w0FlFH8tX/Hy/M9dI3nPpA5xzPuSXXsfCGIAUWE5B2WCjlNY09Ds5fclX464hkMTtA1guqvUR4uKTC6eRsYIb6yu7h9K4yuiDdtbrJEGtoKQMd63j9rLpy2w3B5JS75kl9Vna6o8/jMrqqtIa38kf/hW4TJzWZnN1YuVK5xznNrJddulgYIWZHWLwpFVzxmesETW6SaFduOM09Pkb4WKSNtLZx37KyrrBS04Y7V5SPmONNPy+ZA13W/dZoQ+KF9m9dwjWWdOHN9ZV8cbhR8xIdXWGsdJLOIfG6rc+xETvOiua3mB8h3S0cHxBL3fSVpyzsb20ohYaiTSzDYLg1EzHEyN3K7eL1nMpoWM7DVedmytmzN22W0TYAN+pUTOLtCrS6zVSepy15ZdFv2VEhs7RXSm2ipI6Lrp4vpj1CjMSrmmyrjTuVs0JI0SF19Ao4hVA5XIoSRxDlXc5rhFzuyUaBIHHgoW6lAUwsgHMjQ2xSEtKSUAnRINE4D3CfMMtgqhYuT8u5ACAunD4owDoCsrSw7epbK5pa6Np/kCyAAKwKYKu/UrI/SlCGXRllRGArpvRZVNCoLAlOyIG6U+i6RBZJ3snCW3UmaFDyo7ZQelIFYmbpdLsi7RosggGgJKEXqLkZT0WQZo2yKYSGzb+Uo6Yr+UZBcgISG+gQDt0hzKobFWX+XlVJ0YUwSTcIt+pKdrp2egpAR6Ejt0zfSkPcoBE59KT6UzddEAv0qAKI2NlNBt0pFnJgEhF2pAbd1ZACHBvlVtHZWwOBqIz4OqnpXMbYgY32XQhKR0DZi98GzAEsRk3y6LmsdXMsdKJ1rFaw4BocN1zonHRuXVaWSZfpUXGvLoRyi1k7XCSEW3C5omLRo1Ww1D818qxsW1ulMjvVqE3NfJ0tWPmHPfKr2OJbYaJHF5kI0dutEDi51sqxjfytMUoHSpXHUjWlpWSB47LQ023Rh60tDS3VEnL6VUDfZNdPBqG8mhU5RaBdyXll2oQkvktmRg1TM4/EgdkDlFy3dAyWkslBLXEnZPD1uo5LtAOi6ZdliuuLFeQgt0W1zpbhuWzDsnOWfVXOla4aqiR2Zt2uRMwhZy3Nu9NFSZmc2pdyY97HutOZiLWdrH1ByRN6+59lrjrI6FnJa3PId1V/EGtdyqSCzP5zqq3RNJz/WrJpEzNw75hS8wk2Sxw5xpunMZaLd0ASX5hl2VmhGqSOMnRQ2abITYglGawamzF2myliNQlIOXVMsPzLCxcoZWaJRCHfdA05GndODBJbfNmsh8YC3Llsl+Ftq9yJo3y6BtmoCGojDNFUJwXLXBhttCrzhYCuJrnc2x0VraghvpWxuGX1VrcOA0KZMAnv9KmZznaLqiiibu1XNpoezUJriWl7NVjWz/yruinj/lTiID6UE4jaWpl9LVqiwWrl+q3/pXWa230q0OcNnKflFTmqafhXLCyWeqaL7jW67lLguHxN+S6/wD6lngmHKAc66s+LbG3Ryx61rG2TIwiKBjc436VryxQsBaxxkO9ly6WujD3mTcqOrgfRosbqo9BFVtp4emVuc9isbsSeHEZusrmioGS+bVUTSxuIL9T7Kbq5G/4hv8AEaV73tJErbgLkVWJjBvxQfE1lhXMuAf5iUlZUZOW4fS8FcPiioxePjTCqrDomzSSsazVoNgT7rfw82ufyR6914K2d83QXEoTYjmh5bm5wF53HMSkiqchl5lWNXsHYpYcXfPB83KCAuz4Vx/J3MPnrTxJSOp+VBGHDmEs+m3skrMXOAcVOnmninYbHRttdV47E8XpcPd/EK+WT4WLUxseWuNvcKvjCvwurwh+I4VFLGTE3SR5d411SvOKle2qMRmxTFXvmntGxgfb7r0nCsDqfD3ufvKd/sV5Whn/AItwrS4nAywkAjf72sF7WGQQUEYb2AXH3HRxy6VwBqkI1uFl5jiwJ7mywa40jLsERYaFUC+YXT3JdpqpUdp0I7qKgvIf9lEB+ZMJxZ8sjYo4m5G/6VkqyKvFcr2OsTZejp8NbR4EyRj2iTJqVwaOOWbEA4NvZ+pV9XB4+fTtVUIbWUtPG3Tlt/dXcSVTYqBlLl1I/wCE1IDUYmc3+UNFxMZqnVGJGPsxTa1xkhgEszGnYartyn/DDI2xGy5mDxudV2c3RdiQsN5R6I0DGeX5tTSRudowkv8A1CqrZmz4rI0ehoFlZE1gwypq3aPO37qqjpM8QfM6xddI/wAYq0BtZC0d90aqR8lSKSn9HZR2tTM9zr5fQtGFQ2pJKl7vnHZCcZa3LFIY27BXYaG/w6eY6f8A6LJM2SWIuc65uFpnJgwnIO9rLSJvpxaqd0jxbYLG5rhLn7FPPLo0d1VdzrHstuWXVLK880NGyEhy7InqlAKaRocbeFtzGTO7qYSkbe1io48sk9k41Zdbcs+kbZLIUYwMpuqSTqDsr1nYUkZkHGyDrBt1USSNUaJBDgSmQaAmN8yBYQjwrAOhLu6yh0dZBA0glHKM2irsWusrHCzfdAANAN10+FsBquKuJYcLpHZXuIv9lyg4lq91+Cj4Kb8Ro6ib0Bn/ACi3JocXjzDKbBuLv4VSPu+mhaJf9w0K4NwV0eN3Cf8AEfGp2Ouw1LyP3XMDszVUugFdGOlUK+LXRUCyausq7dYCaY/NsEhJzXRpLbbpD+Wo0ncoj0EFAKgRoSg3027qO0jARoTeG6RqMnTCEuuTTcoGC7Uog3/REenXdDQNdZAwu5Q3ddRvpulcbCwQDN1u49kjdS4o3tHlStBDdUBAbOKV3psmdokvmQFd+lXD8tVADmWCukFmWCBhI/qVf0ORiO6V3p0QCu9IRBTFt2hVSEh1gg8E6NumiGYJN2BWNGUKaDeyS3TZQkpTsgj2sy6spAGysJ8qm/TZWDpqIR5KjtpxHpaVphnzD0EC66gp482jdCs0EGamDh4XWgyyRWG7Fy2uuRnFPH6suqYQNP0rdHE0xA90RTkqOlyMBgZ/Knjp29mrb8I7+VSKN2Z4DdlFisZDSG+jU/wpc22Wy3CKQgEtV4hJFi2ynBrjuhI6WoR3jNnrryUgyrM6H/SjFaSNzyejZb45Dl1WRsPhX2cNkYetQeAgZgFmBd3QIB+pAtXioOynNFrlyzhubQOSmKwy5ky+S6SQF1wljc6TQt0VbXcrdW8wNZzC6w8IGtcTbWA0V0E7615hhbeQd+yWhwubFG8+V3JpW7+63VeJM5IosPY1kLdC8blXE0pkhwto5n+Kqj2GwWaSSetOapdkHZg7K2ngj9Td/dXBuXdWWKWwMbsrWtANimzDLbKhu1BYLb58vZWX6rbhARcxllc2ICKxQFbdXHKgGgHqVrYrJxH1apkqBbsnbD3Kuyg/SnDdLIDPHGM9k/LOoCt5PVfMrGtsLJ6WKW04Au/VaBEBY9lOXZiDWuJRowxNndLVOsq3RrfSo25R8k2EAITAO3TEWcrmgFiejVQcDu1MAETYkBNaxsjU4n2QuQmsRruq90/kMNnKOcpL2ChBLbqKuLBK4I81ypvZqXMSlhtIlIRdM7LfMsbrht8yUyEhTeRrb8W9zbOdsm+LLbF7dAsAcQ26rkkzNuUrwqdOk6ZlSw3/AEXjuOhD8bhYNU6lfzGgyZjoF3op7Sxj3AXmfxGj55EdU35GS5+y18POdM/JW/HK2jbW00dBLzgIm55v5ysPxFRYhj9CufLjGFV2CUUGEUbo46YBkkhcdSBruqIqjM6wizj/AHWXe829e26bnSi4i587Po7H/hd7GJMZraOl/jeHNpjYNGTKBlA00b7Lzc2KTU5Y6BmS25Ww4fiowwYk/GW1pmJYYdBkA2WXTTm6+i8HyifhqkoBtDK82+69fHcMyleK/D4tjdM12+QL2DZCDcrzvJXocRsjltonEtysfMGdR1QA6yw1pjcZzlQFQQCQuZJUEbIOqCWaIGNhqXWI7lRc8VD9jsFEDHwasmlfQMAfYAJMOMkNK+RruoapAHVTLfQ0K6lsKZ5DbgI6HDq4HIYaOqrZ9NDZebMvPfPP5Jsu1iLnOwmOKPoDt1wpBkmjpm7dlGtNegw0Mjwovy/MdcLMM4eKfNo46/qtcZZHQMa3cLOPlTPe7cgWTBZMtRMyPNaHa6Srl3aztsq5GiGPo1eUgvyWMGrzujTA5GtAGt91qlDYKAct3WUrmsipy0t6yqhATDkLtTsnpKoIiJowdQAbrPi1c0lkbOy3T5KKlJc7rcvNVV+ZnGvlaxn1VMswL75d1HXbHmCmhzfdXQtMxy9hqtuY51JaY2cx25SSOEbL9yrJbumt9DFmkcJJSFrE1XpLcJzcR5R2Qy8oEBNGbtuVrEVXNIG2DVXMb2sg6xlUFs1iqjOq5jqEgPWrCAbqsAWTEONHXTBwJS6GL3StIyW7pjozNXXSE3N07jlZZLoU0IerqHZEm6A6TlUt1IMJOllvK6mAYhJg9YJ4nWedFzLcw/ZXXIbZTYExMifEpqjNcykk/qszbAJpACbpR6k+fXoB3stEWjLrOPzLLSBlbdaBST1klBA65iE0fU2yAg8KONgiNX2QdqD7IBNnXU9T0Gm7dUI/zigI7q6fCAFnC/ZHeUoON4re6ALvVdVl1rpzoAFSdZsqAujHycyp7q4uytyKkjqsgqJ9YTSHshDYuueyYkF90BUSNlS05XWRdrLok+tAXRgB4umm3St1lCef1XCDUxiwKGhbZMfQbKu4EWm6AgNtEgFtSm+6jfdKmDQbq3slDdL9kbgpAhQRKBKKWIrgBzI3nyqbrTCA4sDvOijtpx9va4W3mNER7gLdKPhZQ5ux3WGjdldG9vgLtuhbJRnNuFx12crKSK7D7Kxvs2yXD7tZmd3W/Lc6NULjMGydlI4G5n9XdaxEbIwxjPJ90KkURxaA9loDWuGjVflGQKyNrBsjC+LI6C2paqZImbLpOaCFQ6AIP4ucae+yUwuH1LeYjss5isUYbN15kDm/lWkxXdY6XVboQG5u3hLE9KCHHZtlOVYXzLQ2AA9WyQwmSblU7HSSf7dEYnFQyhvpuV0qLB4OQazEH5I2/wCX5VsdHDhbBLVS/wCJOzBrZVObJUSc2d2cePCrAumq5sQsyF3LoR6R7KqKFzRy2N1RMTbdDbDstILyGgtQaRNbFp9atA8oNBzXyp1UOBlATtiDm3QAsrgOnROEjbN0VvIDmXVYPlWgXCEkaOqyfKrBHbVNZMiBqcNTAJw1AK2MFNlJ0TAAIC7kARGAiI9bp2gBAjqugGDWkaqaZrBLlCZJNAgZrI8st6kTrsh1bIAPOxRBLjZCSzdSkBc7bQJhYOkoXCAac2iIGmqMAiw1cg65bcbKBt/VslLuw9KMBhZ26Fh2QaL6BEDlm5TGkcL6IWA0KY9TtNEhFnWKMGldYajZIQLIyXJsNkC0tRg1R/8AMM/+oFxeMoqvF5ZAxjTHDHkPVbZdaZ2V4I7G65WMwmWN5+IyGXQjsbrXxxl3XnKLHJMVwL4Glw1tFTUZs+Qa53DQquMTjWKVUUeMYsKSrwWJnJom5nvePrO1lQ2aVrMocuqPN6vt0at00dLy5n3z7BXUOGYN8E+T+IyQYo/0Q5btPjXZclxLoHtd6zsrYp8HipC2tp3TVUnQx+U9Fu+inrlt44+qcAzE1+Uu7AH9F7l0uuUL5FwLiMkPELIw/wCSQLBfVJSW2d5Xk+R6nC0k93KoyKnnO2Sud/qXO1aDKFUaqxWcyAbpTI0aq4Gw1QcFFgBDzm2CieB8dMJpmSND99FogDqeh83VIjbVzXLrAG591okeaipEULckcY1so6qOZiutqDkjbtoFgp282vjHkqzEZB8ewN1jAF1ow4x87nNa05VLTGuryxzhkWtgLpZAZZR5ACzxusZp399graWOUQyVEkurxZgTGKJpRE8Rhtz5Wihia5ufNt3WeNwlnMRb1uWuOMB8dHH6O6NCqB0bhPUTOsdAwKyLRuR7dkJ4qeXFI4WsaY49/CNbWxZJox6wqgrhYvI6eYtzaM2XMa4Ozg909VMS++bdZx0m3dbcsOxAItfwnfMYafIz1yH+iS5aCH63VkMYkdnd9A0W0rNVMRDEAdzuqI7B9y1NOec9QkNYAtImhIQQqnAhmiMh6LqkEli1jOi4WF1VsjmJ0Vbr7KmdWW6bpANUwuRZRwPZMQS0BI0WmUkJumaPqVFSTixStBCLru1RjBLNUki7yERqxLqPsodACO6DNB+ZlVs3Sq4NalPWXD7IDOSUoOqm7VGiyIBZ+ctN+mxVEfrVpdd9lWiKbhriE0fSkdq9P9FwjTxB67pTqmJs26R3S63lGkDtALIu6WZgjILdKD9WWRoLD+SSd0qZujEct9SiUiS+sEItAE2ZQi6ICoKpTea6l7G6Em9lIhd9naoBvSwu8qpxIZmVkpt0dlnJMmnZLQPpZc90AAmksQGqC2UhGgsPU83VmbshAOglKPUSUaAPgKtzbMunv1XSnW6NOBe4uVIhmJulbqD7K6MfKumpL5RlS2smvd32SSa6hAKUOyPqaibBinTLY2WiM3fD7FVN/LuVopG3e0eNVHf0rme3s6W/IYB7L0ZAkYwDxqvOYabsYSvRRCzelcVrr5WUv8ruy6DbZdFy3OLZ2drrfFJ1WKWLkaQbjRSJvzJPupFpEbpYiQ4+6FxosMgRaGhuiIsRYoFrW7JGY2SEtR3QMbSgKnOVVuq60mIZUGx29WyqEyuAGpbf2VZIa64dr7dlqcbv5cLM5PdaosOhomiaoyyPOoZuhNYqHC34k/O5/Jpo9SX6E/oV0ZKqChi+Gw2LIe8ndLVzSVzQXtyRt2AVLbAZWoLGMwkSF0vzHnd5TxAgFaTGSMpRbEAgYSJgdCSdHKxrT/Mn5bf5kA0ZkHhgCrAFBGBonaFQBqtaLqR6OVvLB1QVVlpOyeNoG6cEt0DVOUHG50QWiBZt0QpYjTMrbNa25TSQKwJWjM5W6bIBCLtRjjv9SPtlRaNddEEawBQLdb5kQfDkN/pQDZRlUIJ+yVx0tmuhd2xQVMbDQKZiNAgWndM0IBbDdyIdd3p0TkMJ1RLG/SgKjdrulQHyntZIbOdZMJq5vshy/CN8rcqb6dEArQRsgAb6ps2XRDN4QCn1aJTroUxOXUKAczXYphU67UpB3Vx6R1Kv1aIwMNUQuRjNOyahZJI3JHGbvI10XVrW2fYarnVs0rsLqYTqwxnRXyy7jxEFXiM1S+gpn3w5785kLrWBVRyQzFjZc4BSQxV0meGhdy6YH5ozW+6pl5cb8sbetvjuu2RwXlodN1gjsraTFqfDq0mfDvjhKAMmUm3/ANqxc0ubq2yelxSow2b4mm/MHb7Is0+esdzA8TEONQTNbkzv28DwvuTpw6npiPrH/C/OLaszTifJyJL3yHT+6+58P4gcR4cglLrvaLLy/Nxlel4utjqOkGdVOmGa2ZZqiYg9Kyul7hy5fi3bpJW5UhmaLLnyz3WWWsc21lpOT12jIC0DNZRcN9a97QVFXxLXg53ROjZymZH+y0Rh4aAx1jbVUkMbcszav0CHXHHMRvZct5V8WF3yzNnduStIgDY2Npn2zbrHlM1myaErWWx09mtfqkoXSEzxsd6GHVW1pdLZ0bsgYNApSUhaySaR12JZJY3OM50jiTDPmfDMP+87ZdanAp6OeSR3zLBYcOa6urIatzOiIn9lrxKqjdE8ZN0qJBweKP50kz99iuDWyNh58hf1uOi600zIcMjjayz5F5iuLpZuVl1CvhPVUj58mZS4ALzuEjbxsDgrJAHTMa3YgkrfmMaBaTHmO71a5whoA3676owNvI959Eeyx1EnMeXN79lrIiljBMhk7KXEr7qN6YFWTlGYLbll0rmdZ9ghe7UDcuzFQkO9K0Zq3dKgOl1JDdBpCaagdZMHJW7qEgJiBe5snLrMsq49HIzOTHQZuyINku9rJnHwhCO10QdoGBT3TEZnAoCQaVIJVtbq9Ug2kH3TVTuqyDUNKY6NSt9SZ2yAaAXcmcetLT+pST1oOFB1Kcfl2SHXVMNW6Jmh0YAUpF3goym9goPdIqBN5LoA6lFo6rlIfzEJFu9ii42uEHevRRxBCCBuql+pTZAnuqlGqnEl6sAsfult1XTqjVSG2ndUtbeW/ZNKTn1RA00UArjd6jhld91N3XRc0l4ugH9MVlXILMTSOubBLJqLBAJHoLJYydbpmjK5QDcpqhWx2P3VkjsrMoRt0gqmR2Z+ipSyI9FiqnGzk4PZKR12QE+q4UPU6yNiCAFJDZwAUAWi5y9ltoY+bWPA00CytItYbrpYRGS8SedFn19L4+3qsFi/wnVrZd6AbdlxsJcI2vYu1FfQlcV+3VBqG3kB8K9oOjkhsXaKyE3dyyraRra/M7KE4jyqmE8uTqWu97FIFBIULrusjbqCcRxd3JKPG27UuWzk9wNkOa3Yanx5QZC5oGqkME1YbZeXH5WmDDMp+Jrn8sfRH5/RNNLJKMkfRGERNJzYqVvJo2fM/nSRsOfNK6791c2NgZZrbKHKNCmSl2Y77IW8NV7ohl01SAFuhagEGb6k2UHZWAXR5bd0BVykRH1J7gaJgFQKG9KdrUR5RGmiCoxjVWkAbuSR37ImEu3chJw7wpYnVADKiXEoCDTdMCXaFJy3XurW2LUwZvy0182yrF72VoblFwhJ2m2iOh9SWNwzapui6AADR6VPmFvsiCPpaiGyW9SAWwt7otGYdSYRkN1UudkJoFtvsn0OyUg5QmynsmZS1oKQkjZPy9dd0S1OQEDTuXJgAXIAOBTA6pgC0BPYZNFCLtUDXBAIQLJdA1WkXSlvlCVJFtd1CCW3bonDfKhFtQgASMnVuqHE20WjK1wVUjbIDnytu8/Zc8yPPOYGX6CulKCHkqmMAVLP9WicpWa+VVEeIGsnhpKjl3ebjNYW8IXaWXHy3t0f72V+KUUkvEM9PDUckumOuawCyTU7qNz6aV7ZpBrnGui9CX08+9ez5mlqrM3L+Y1t3jYJR6QAiNHZhuEsQeWqnxL5lRFy3tAAv7L65+Htcx+Cmmd0PYF8ilnq5IXmoZkjHof5XtuE60Q00bs2vdcvn8f67vDfT2klU/mEB2l1TI4ubdj1nmcDqxIGl2odZcPxdk6WfMJ9SRwI3cpmcNErlUg1OYbAKIAAqI03nY4WSv5nYFVuDpKl72+gBGEl1Jlbv3Ua4xwvZ3Oi5K1jDERJUkBvSlLWz1GTsE5+RC9zdylic2OO/wBbyoPGyAmOnNLmvm2WSsLIoX0+XU9ley8VRGX6e65kk3Mr6mV+zALIPHo4IuRThse1hdcqqkM9VkY29tl1TMIsMu/R7xoswDoaYWY27u6W6WuViVVy3MDm2LQuQ7V753O1VuIzifEiS7RiyyjnRaOW3MZdK3Gwt4V2kNDmP5jiLJaOP4qoLQ30brXTxsrcYfm0hgY7TttcLaMqolvDQRt+s+tY4wDNn+jZWVUpnnMjfRe1lQ4mNpaFpymhOTzMo2Su9FkA4l2qhW3NY1Sbnp7KfljROd0ivUK3eUt7KxKQMtlWpqA31SP9ScDpslKZSmaLOuUJR3UA1JVTpDJYJ6dPEdExF2KBtm2Sg5WZSjU4e4yj7KZraKtpIbZE3vdGkhPWPujUG8o+yR2r1D60tMRYIjVqFkRq2wRpmiPWi7e6kejUJb5AQnpyBH3UHy2X8pYyT0p92kFGmQjpzIjq1CUXLMqsbZosjSwJDciyHdyUi77BSTRzQN0tTgDRhuh4CZwsiADsnqcVymyUnoCsIDnaoBoJ9gmMG3y7pB+XdW6HbZUTWDbBPTUbm5VmuSwSgaJpNBokCgDMmbcvN0txkUBI1QCv9SnZMQBqUp10CADR16p4xdxvsltrZWF7ctmpnFUxIj0VRtyw4d08lz0hQRlosUauAbBiVrtCDundlLVImhpJcnoGE2Yc36JG6PLinkbdl9lVrkUhZEOvN2XosJhtSg76lcOlbzbNXqcMpbOZEO6y8l9NeI61JFlludLrrtcQxgXPibnrBH2C7FPG0i29lx10So6P+XRFrSAHjtutTWCRmqYRtawhVrTSZhM4TN9AWoekLJG51i1vLA8K6llDvU7QJz2Wr7gEEp80Y63LN8XHJE80/wAwA2C6EOHOdTRzYg5tMzQ5NijD+RI4pK5wbAzTytQip8M2d8TOOw1sVXLiwdL8JhkWSMaGRLDAIHl+8h3KWK0MklTN8TUPc89mHsrjH3Dv0SG2a+bVMBd10JRsZ7o6N3bdNm7IDUIBRce6lz9TUbpyBZAVkdNwlyk7qwBGzT9SAQNAVgb0pXNA1a5PmORUVADVEhRgOVPazgUES7gOlWtufUpa2qHTf6kyFx8IBxzJwL7JWtIN0YFgd0WQaNUHNda6kYJcngWEDdXRnpsVXbqUvY6IxOiBZ904tvlSZvKAd1aIwtXB3+lOGm3qVQcUQSlg1a0W0Lk/SBYKtth/qQPqVYnTkAoXOdRoVmW6JBoG19UhuNlCCd1G6bp4NK7N2TC3dMCLpTqUxojRtkAfKmvdRGAQReyFj3QAu5MTZIKdc+uyLxY6KzfZERi10BnlBLelVdXdaiAqnBLVKpohybrnyDLNA7/WF0ZHHJl7LDPuOnZGk+a8Y0raTissGaMSjmXOg1XMqKR+G1GR88U75GB4s6+h7L0v4myRSV1K9zHflNZf3XlZaFtE2OoZVR1WcDozXcxd/F/4x5nczqlue7bKXKBlza5Ul7hWzM6orapnwz8pgG3svUcFyc+Atd2XkoBW1GdtKxxYz1lek4Hfy8VngPcC337peSbHR4+8fQT1Dp7dkBm76IxaFWO1Oq83qZXfzfRGyF3S5qZwaNkT6QErtG6KVRW0XcVEw9KilbzkX+CYXP8Aq2VABc4y9lTMKmqAIY5+Tey6EMJNIGFtjvZcVrSdOPMXurGQtbdjytlRTxNmY1mpaASslJNesmBb6CbLo0NPzXzTF17BTi9Z6ub/AA5Y7QkaLEcOea+ij+iZ1nn9Fpv/ABCnmkbpyiR+2i305y4YHyN+ZGSQjT1bWBhqRHJ6GALmYtWPiprs2GyvMxNQWy6rhYlWNqMRZCNGDdHM9ornXvd2W5ck5eVubNbtZaJiBOWx7IUlE6srw36Bqf0XTGVrRGwUWHCUfmSrPIXQUjw3SSQ6rTUH4iuAb+XECsVVJmfnK0jOs18rMqqc4SPujUOJsGd1W1vLaA5a8xn1TfUmI0UuCpIQArZ1nkPWlv2TCznJXaGyqJBAqXQv0qyohQetBQ+yNQXeQnslDQXXHZMDedjB3T1EXJqOW3UKlBc5wlcLvULwZA3wmLdSewSFJbqU3Uv1WQJshAOPSiBcJXajRPH4QqD7INNpFDul73TNelcemyLvQCqzoQUArSWm6t91U43crNmIOANHIONxdRpu1KUAW6C5Uy5n5kL62VhADUFSSavsEDZuv6JgEhs7MERCGwF/KbRsf3SaO08KEg2HhMDcBqqdqjKRpZL9WiACQ6p9MyA9SYVkm4CuA0uVXa708psLBAI4oAZdfKYDymAA1KYIdG6bpHG2yJPVqhezrFKnEBs2/dQuIbcqCM7lFsJJzHZCytjv1FMdXJnOtoNkI9XFAGewjDR3VDR8zKVdML2t2QgaXVBJQHRoYbvFmr1VJGRGHs3C4mDQGSYAr0sQfFMyNjdCufuujienVpYGkB53K2wQ8sEqqOJ4DLtstfLJcGhYNIMERdrmUkPw7CHdc0mrIxuQN1ZFljc9xdowE/ss/APzMfqeLqhjqh8N46eDduot6ToiQ71jiVvE1M4PY2injtK1hfp33XU4mxTB8DZhUdDPzxPTO5nVc572AXvzh3FOLnnz4ThlIyfUQvpBmH7LnT4LjOG1lJFi+CU09IyVhbIynaLWcPK055xnfJP6VR8N4viX4c4PV4TQNgq4ZIjUMkZqQHXdt7LHxLHUScSQRyucwSQl5j8armfiHiPHNJxLXNouZFh1ZWtZSMjaQHtNgCLHa673FsvIdw1hszuZilPRAVJG4cCL3RYqdayUsQhYQG2HYqzn30KWSTWw2UbHmUVrya19lYNGoWtsjc6WakYn1Jmg2QOpR7I0FIPdQ+Ex0Ve70DRF72KIy5UtyCmzdPpVBD2snv0elVjMVcM9rZUEMYc5ExvO6WzztoiA4buSiULiHZUwIG7VWNX3KsMnZMC113aJjmOgSjQa6KxuuysFOYCyjfUgY35rotbdyST28o2u64S2OexTC4doghy33RAsdEwBKgaboAjRSxKIFjYo2QEjCJHVdMAA5G3UqiUb/tThyA8qabohBuoAjYX0RseyoF3QtdNY3Q0QAAupbqT3GXRC1wkZcuuiawCABumt5Sqi7tsgGkfZObdkDpokCWSOaL3VtkmUHdIKTYrLOxpWx0eqzyx3TkS8d+JIjq8HonBjWPik1PmwXzkU5baZsrchNizuvqPGFPzuGJnd4nl6+YU9IKijkqfjIo3R/wCSb5n/AGXb4v8AVxeXn3pnFvZJdKPSito50g50bzyJXC+4C7HCExj4nja7uuGHOjdnj7bLbg0r4cfpHTNyB79eyOl8PrsfSVaR3VI6SPsr99QvN8k9vR4+gdq1LazVY6xFgkAI3WbWFsoiooNswGSOlw4t+Fa8216QufjNH8LTT1WWwLC8L2c9LRYBPJTs646iIkH3K81xlT//ALOpXt9ctSIv6Ly55dTzXzejIax8p+oruxf/AA7DHyO3mFgsddEcOxKCkjZf5bXn9V2aqrlqqSmjgp7iM3PSPCfybRmw3CHfwqTK3WS7/wByrnUogh5cvcL1mIUb6WGFwa0Z4mm2W3ZcKrN6TnOZm5d09PXlKpzIGPfmuQvOtHMqM79MxXbx6oLaTJls9xXJhibG4F+4W3jqeqySACpe1rl0MMc6lpi4+s6fusQjPxNzu4rswURbXkn0N1W9RWGojNJUPt1DuuRVy9d9guhjFSZqk2dZccgyWHhXzWdp3ENbcJJAXNF1aY7RglS3Rr4W8rJTGLozCzU0dgR4KrqCc3sqGBALpZhZ6spNWElVyHruU4lXupbyifKQ6q4i0UWkA3KS6YAbFCcJJ0mNw3K0uvHUFz+6yt+Y/MfpV0ruZ1nsrVhbC4d5RdcOI7FK512ghQ6fqkVVt9aV5u9OSA26r73QgR6la1VfUnvZiDE+pQ+myn0XQ3QpcdWNCrk9NlCbOCDtSmBOtrIyHRKHdSd1gEGRzrQ6KNHytUrdX5eyMhs+3ZARisAzMslaOm6jdHoKidG2SNAb1Hundq7RVj1ZSiIKbNN/KUWGqOhfmPZVxjmPLimDWDkotdS5Dco3QeeWwAblAS4S3shG057eVLc+fl7AIPDRHuhfU3/RPaz8g2Cm7rdgnowLWCUuzaISyAGwQDrNRowTbugGkalBozFXiL6UqcgWB32QMg9IRlA9Leygja3XsjVyFCZrb6KA9h3UqPkw+5TgsBrb6HsrIWjPYIRgxwhzlvwijdUT390qfM16HCKUQsY87ld2GKQVIdlVFHROzsd9DV2GuOYANXJ3drokXRtfo97dFYCC82VkbXOis5RtO4O0ULYJ7tw6Zpd1kGy9jwFhlHVfhnDHE11TXUh+bDG6ztXX/svLz0hk3XIw3HMV4D4qGNUzXSUR0kj7EHROUupsfWhhOE1j31cuJVVKHjoY+od0aeyogwB2N0PwGHYy6rJe0ySZ3HI0b7nTRc7CJaLjLFp+K6nFoqTBRr8JlIN7adQ9wl4g/FSKqhmwvh6nbAxnRzBa7x7EWW/y9enP8La5mF1n/Tf4nYjw+yvjxGCOinfC+a8nJcBdreq+t/C8vw+2aqrJ8Qr6h01a5+t3Hv8AdbOFYH0fFwxbEJ2w8ylkBkkbfU9j7rVgtVw86DHc9RfEzW3iIuBlt2H3UWt+OcbSerN9Z3Cta62yrbzjDHzGWuFdHGLKG0NbuoLl2iNvCga6ykHAPdQoxg5dUNCbIwkNwlB6rpyLMS3bbVUFbibpxIbelQ27JgT/ACoANJ7Jjn3CPgKZSgqF3DdDmkm2VMRy90Wn/SiEZoFroHN2ahc5vCfKRqXJhZa7NUWtA0CqA7p4w7NfsmmnkDhayUDwnLhmUCCqW11RBGbRENGbVWBrEBXcl2iYZgdFZlalt4QkRfuiLn7IB2uqYa7IUaMBEgItAUdZNJbWRHspcJmjRPSQaFPcFKG9Sa1kwDgOyS3hWEAIHTZMFa1HLdFoKICRksQmtdNsoRmGiKovKy6oZOpOWnMhbWyVSS3Ukt1WVoaQ5DIL3UqVFipc1XyKl904nHn8aaJcDxGM/wDbcvjroOc+zZWxlvbyvsmLxh0MkZ+sWXyMUTarFvhpKhsDHyFjyewXX4r6c/mirb9EdwkmiELnxsfnDSQD5slBdkst44qFnBlm7jVWRyy86CaXQApQSqJDIYSB5TquX2ullE0ELz3AWsXOy5WBzCowHD3eAbrrt8Lz/JMr0PHfQkdOiqF+602VTmrFuQ2UT5VFJvYSxtqKqPN1ZNF5jj2YTYlh1FF+XFI2Uherjhn5LHBvrK8XjM09bxZJGG/+Gh/sV4PPKOOXArss/EM1Q1zflQj+i1cPzXDGHLnklP7LnOcA6qlb63gsV9FC+nkhY/SQWkH6reOmcvoHEtUxz6Wmy2JY0X/Refx2NseFPLXZLDbyurjN5P4dK7uQP6LmcQMzYY8+An+j4vluJyyVFaxp7KufIIf/ADFqogKzGJG7hqyzgSSyOGzV0eP6ZdK/hXRuZJvl/wCV6GujOH8MGd/5ktrLmYbC6rpA4u7/ANlj4prpair5AfcR6ALZNcYzGXqOpKty8po73SU4yiyuL8upW3M9M+oWoOWJg8pp25GM9wmoojNDJI5mex0Vsxc6nDy2wAsnO0Y55tkFuyoqHHIr9Nljnu6UN7LeG0Ul2wnN3VTrZirTdsIvsqbjdVGdA+nRAJbjNZE6NVRNL3QcfCJ9KXdOJhoxd9gmn6X5Rskg0fdWT/MNwqNX3T3uLpHaiwUv02QVqq92qNN9FBobIgZXJIQp92JSmHZMxcbMAU2sEJDqEb3N0Gstd6RyYGzLpL3CDGGxvdQnM6yLSGsSt0OZBo7Q6boEXRNi+6jhZyAftlCW1mJh5SG5ZogqgJslIITHRiTUuREEku6wCLrACyMYJcSeySTewTARgB5eUh9eqskyiPL3SC25QIWSTlN03KtjaI4sx9ZVccYlmzHYISEyzabBB1G5nS2Vk8gj6GpHSiJ2m6qOr9UHEAHqKbKXaqCPW5Vt/pCDLG03Wq2Vt1VazbDdML5Mp9SBFTvl3v3TtH+HDTuUssZleGj7p8p2H2SVAgiBfrs1VTO58nsCrJ700IjHrk0KMUWVoad0zqyRpcyOML2XD+CgQgncrjYJhxq5cz2+jZe+paS0TAG2sFl316xpxFjaIRRcsO6lqgpA3VXUsWvMP0LTG45lzVtFQbYWVrWgBWGJ8g6UOXI1JRBCJN1hrKSnlfyZdQdLLogS/wAqR0RL9WoDmw4KRR/BxPcyE6lgctlLhtBh7MsEH6nVbA0ocpXqcyqXU8E2kzbDwrIqKhh6oqXXe6cR+VcG2ahUUF5kfcq0A2TNi1Vws3TKhcUAJuXdvqVvLDtQjkHdSVVxtsjbqTiMDZEhURC3TRVn0elW5RmQI7KQQNBCbJ1Jg3pRydSAQxg/VshlcXepPI02uFBHkZdBBYO0PZS1tk0Yda4RMbsyqAjRd2rUxbm0Vli1Pk7lNKoNAGVO0W0KIaM11a1rCLpggAzJhGDsiA3NomDbOQScsZkQADZQXLrpwWlAV6goWObRXWCGUg6IBQAdCmAtspbqU1zIBg1TL02UCfcJpDLpZEDRCxsiBpZMk20RUARsgJqpkROgR2amAtbZS1wiFLHNomaCMHdHLbZC102rWpUFObMobbo3JGqHL0ukCoZbJvZA6KVKS3qVZar3A5kLBAcLEobr41i9O2nxWZmaxzl9vuvtWNZ2wlzWr5r+IWBuwfGqad7dJ4WP/cXXR46x8kyPKRxuyqFxD8qkMcl79rqE9ZuuqPP6+zbuCqaX5ntVgN9QljLucR5VHH0vgqczcMsB3jP/ACvVaiZ68P8Ah3PfDqmnO4IXuAQWf6iuLzfbu8V9LAbtQtdyEYKtA6lya6S5VFbp3UQb6LRSskhhLmtA0XgqWMScYY1I5unLcB+69lS0Rdh4fI+77XXj8LkacbxNjtyHLxeL9Fy+exullxrls/L+II/Vew4owt0GI01bC35Ip2B9vYarzeH0vP45gotv8Tn/AHX0uOEOkraOVueCSPlh+X0OutJ7jfXKqqhuKUuH8vTlv1/QWXG4orJKPg2qaMueTMwH7FLQ1jqKeeJzXctpI9PuuT+I8vLwTD6VruqeR2nsRdLm6p4/CHGhpJJHavkVEo5EZ7mUrXSERguy/JYBdUNjzYlTN3YCSuriemHX2608MOE4FDUu0sP7rx8spnqXyHuu5xNjMmI1ElMNKaOwsuLDGMq3+JI3dU1DrNAHdaXNASUMIrcTjp+VnAN7fZVLiLHuoMGfh34cw1krGxmcNIv4NwvGStdkYGO0tr919I/Fmc0XAXClK3Rj4mX/AEcvn2J2DRE3Q2us+b7S4zjZ5HhUWJkuVc71XSAXPsuuUqeQ9GUrN9RBVkrrqt/pVysqFu6bcJXHRS/QriaUnshs9KTd909/mBVExLcvTymabNse6Y2VZPWmWkOj7KO02R3sklNtEEA1N0Sbu0Qj2uo3dPBh79YCcDXVUnU2Ty/lAIw8Ruspv2TNSx6NUH5gCeHIudblJANLKS+EAetGHhrgiyDtrBEjwgbDRIC2x0UIu+yW1kSS3ZAG/ZAXDrKb6hTLpfugYjvQQqY9X2Qc4k2RaMvUiJwSQ3pUb0alVnqfdSRxFmplgXMk1+wQdeQW8FWgZRpuldpsg8IOnZAuyv07qOtG25SNBc7MdAgYR3r1Tt6tVC4SHK1qtyiKMAd0jkVhrlpjDQ2/1JXekAJgO3lGniR+vMdlY5upeEQ23SrY2l3SEtORniHLu4/b90QC19z90ZmnnBjdgraoN0DXJXpU5ZgDPMXu/Ra6OmNRUBipiu7M0ensvWcL4TzMskrUr2ucu5gWHNp4gC3VeijiDVmgitYMbsurBAO657WsitrRG3J/OnbTFpuXLSIGnqd22TiNhaOlSqDHEMmjlMtjqnGjLBHLmf4SMvLGXRVuiK1crazlOWgMgj6lYIleLfyp+Xf6lWhlygOsjy7LTkCZwajQx2si0Zlo5IcnbAAEz0jW2alLW91p5YCrc0FA1VI1oAsg9XGMZQg5u1ksJnaNUHAq4i2zUpN0xqsA7FS3UrEQ1B6VoFtXIixbZGwUAHZBIAQ1QN1urLdKgA7oiQtc3R12T3bZCw7JggB7ogAOTWKmQI0LG37I6lAHwomQjwmFuyRMAgH1Qs47JkyAS3lEdOiZKjAm6awQ1U1VSJE2ypVDdQJkYX7pjqlOjdVO10ATYp/Tug0d1Ha6hAEi+qAuhm7I3QYjdMPdLmUzdkUahIIsls4JxlRPslgJls1SxRIchY2SwaSRJdM66keUbpKc3EXAwzA9mLzf/wDEBS/D/wDT1a30Swxx/s269LibWhl+zjY/ZcT8fXiekwCAPa+CJjH/AP8AitOP9ox8t9PjkIlDLl2iItZ991NGus3RqVws5dsef19pH6NEQSJAVPpsEspOUWVlK9Z+HkxbjdTCe9rL6NGetg8XXyfg2pfT8YwE7SX/ALL6y3pmJXH5/t6Hh+mtoAai7ZVi+VOGuyrjx1YH3UTEXUQb6PS1FNFT8stvaO3pXicODf8AqmtYWWvGSP3XsnxsZFZjey8rUZ28UwkdBMYB/deJynl4OkNvxSjl2DHgfsV9cp3wTTVdKxjSx0We4/mJXyOICH8TjDI28efmH9SvqfCk0TOIqmkb6HRh4P3Kvnpo8fi0T4cbfTxt0kYAvBcfSOm4upYg68dOxht92r65XUrJuKJJP+3/AML5NxRGG8bVY3HLYnxT56ZHQAcJyTDck/3XDqJ+Q9jId7br0Ds8XCD7vbu7TN7rx9bPlAjhbd57rr5Z37ARvndnd9e/6LQ6zngN0jC7H8LfQ4PDNO60ko2XCLnR8ynd5XRKCSy3Ou42XqPw2oZajiT4hzG2Ebgb+4XlbagHS5AC+l8FUUuENe+SVr+awmwcD2ss+uirH+I+JvxriPC8G/yaCMi/2ddeOxZ3/wAQmt9FwuviLm1HGjyNm30XExYZsSqQNOso8f3qLHLk1alvZisPpWZx7LqTR9SUanVM302SHdPllSO9aa+gCH1JSVtEUrtDZWNFnC6q3eLqxxs8KoR3FVOOqZzupKNd0yO70XVEhunEn0pJBqgCelijdGKSdTBZQ+kBUIA9Yunl3sqxqVY7qKDOBZqDR1ZvCN9lItGkJmEp6k0Y6VVJq+ytaSNAlQJJ2ypDcusFY66X0690gJ9Fjug3QWKl+5SgEuugDbK5LJJlCeQgNus1xK5ASNtzmKa/0lHbQI5QSgFAEdyf0UijzOzuSSnmEAekKwOyi/hMiSus7RWWBZfula3Nd5VJkOe3ZAI45pcrlZLeNltwnEYaMyqcb69ggDC23UFYSC2/hJG0kZh6U4+Y9rQlTh4v5irmx3fmKUN1y+Fb9lJo4WOZOHGKJ7ksg5hAHZE25JcfOimrJctZnd6yqJA4anUvTyE9N97bLZhlC6oqOpuZS0451owyhfK+Ozb+V9Iw6ic2CMNZZYsGw+OnYM7GhelgmcG2a3Tso6aTlogjjhYBl1WmFub1NVMUEnrK2tjJZmOllnVYqdFzXhvZWCBwcG5kYmku9k/Lsb5kgjIgN0MrCbohpvqhlc0aIAANDU7Wot8Fqv0yoCkBGzUSPCmVAL9SjhdNZTK46p6RbWbcIxknRWZTlRjjtqg0ykalINU7pLaJdAqBA290A3qTAnMgD5QC6HRJlCssElkALJdVYogKwEwaOycWRDQggynKiG+UcpLfUoG+UQks3ZS1kcoUtZMJcqbo3/0ojVATIEbKZUQAggRCOVDZMlgUSgpkzRRS6l0BPq1TJLo3VxFMpohmUuE8Bt1Broq8ycOslgPfXKo420SkgNzINIc257IBiLIJTJrZTMgadRLdG6MLTDKjm8KvKP5lNAjD0xkcgZCgZEMyMLRMgO6olDi3RX9Lm6saqJLxuuxzgf6JfE9crEwLQRzO0lkyLyf4sT09PX0uEOfeRlOyUX8EL0vFFxhYqc15ITnAGq+dfiRbF4MPx6SVpqiG07xm+lo0WnHOVj5LseWnHLcAExHyrquY3Yw+wVh/Lsurn6cPQR6oSotFmoHVWUa8MqhDj2HSjybr7PMbvJHey+GA5XRvH0PH919ugm59JBL/ADtXH5o9DwXWxswVwnuFlaWWVgLVxa7DmQKKslRGh9LqKiljjjdmbZeZxyWFvElFUN9Gl10sdlhqoXmmiaBE611wcf5Xw1EWu10vZeNEcPLYg2OH8R5Je00QA/Ur1VFiPwmIiVjskjQNDovP8VU7IcZwqsZ6HlrCf0XUmbHNijJP/LaENXXEvNrzKfq3XxyaR1ZxTiN2uOgH7Er6tPJ8HQPqXO0H/C+TGsGH1NdI7WSTUfvda+PkuXGxeoe6X4ZrekK/BsLZiNTGY22jZ6yfZc7NLVVN2OdnlNl6OWnnw2KGhpn2MgvKfA3XVPQsZOI6qWqxNjWv+TELABcO+Z8hd61rqpGz1b5INGRaLDJG0NzZr3WkpYlLA+txilpT13udNdl9Iw3k4XFiFZUPkvC8U7Gf7gvF8HmOl4kjqKn8uGGS33tovaQw/E4V/FKjWOtlZIB7bLLulY8u4cviSHovzGEk/quXiwbDidXldm6yuvxBLl4gklp3WY1+Rn2K4GJuYZnuPrO/ur8SbHPOizO9avJ0VBXUixLoIbtukB67K+WVh4hmeVS/12WiA9ZVDvWtYijbqTy6EFBBxzEBVElcNbpr2CEh6rIexTIne6Yjulv1J3bIBW6vsoTulGhzIuNv1VCIz03TM9SA0bZTwg1l+yOjUh0eFJz1sCZofzLpwEDq0I7aJUCXdlA07lCNozap5D2CQVyAuOicOBZlQIs3RVkhrbhACV1m2VUQN/ZAEynVaAMrUBLgJJHdNgmv06rPd2v30QDtHTbuna0OFimayzNfWUsltAP1RowHOIGUbKsMt1FR3y3eUXEnTwmCySWZqkgvK+x2RDec8A6MV8DRG4/0TGA48ttmO6Eadt5zbssst+cWDZdKljtAJT3/AOEqcPtoofltsgT9R/RQAytudlCjwgiInyqjpGW7m+iEsxDeWxa8Nonz2L1NnpXI0WHPmkYXN3XtsNwZkcTDlsUuDYaDYvbsvTUsLS4MHpWVrfmYejogY7f3XYp4BkDB2SQxkDJ2WyGHLsotUeJrhvsE0nzDlbsi45ekIhvLF/KkHa3oshy7AlMCi430RgVnsgRZWfdGwRhaqy3emtbZPlCFxsgyjMmDQdSjp2Q1vZAOG+E7bEJAQoBZMhPZTNZFKQjAqIBUIIRIN9EQOnVOArtkrlbbwlsAdUxqstIUCtd6VXZAKQpZG1lO6BoAJsvhBOEEGQo2PdPeyDpGoBb9lNt0MwKO6YMLKb6BLcAIRmzr5kYm1ZlI3R0SmRndzlTzBm6VU5LWlKUokdb0oGRP4lsOxOs3PYPqapzgn8R8o0KXVBkd/KlMpG+UK5wXzi8qXWU1DRoXNTxyiQaOVfCj5ReDc2RGqra14fmypOY/OQ3uU/hR8otvZ6YG7kgpZ5GWOUd7oA8sZXPj08OR8KV7i1xOWyjXZRZU8+HvK3/7k/KlnbeBjpP9mqPgj5wdLp9lmlZPSxc2dj42DuW2WY4tSubmMrf0T/jL5x0c4DlOY3bMuQ7GaMaCVy4uNfiPhuCfLfRSzP8A5wzT91c8VpfOPX3zelzSjdwbrsvF0P4gOxGgFRHhvJB2yMOqccR4rVi7YuWzwbhP+Gj5x7AzNGhSmZo+pq59DxRhlJgz2YtA0Tv0jky97efuvNVuIVAySxy3jP8AqR/FU/yR7F9WwevX7KsVsE1RyIpWmb/tv0K8ZHj8kNWyVrOZl7FdLAKH/qrjD4ik+RUMju8bC10/4s+y/kd6bharxZ7Ip54qSCR+pY7X+q8T+NPBOHcM0GHuwyvlfM4jNG+wB03Fl6aTE63CcZnp8UbIQ15EZPp/RZPxbhZxBwlSV9NFrTm2d+jtG9kvhZYV7fGQXOhZmy3trZW/QstD1Ucl9wSr4X3YQtJHP2d2yQJkCmkklzC+3kf0X2DhyY1HDVFJ4C+QkXheF9R4Hn53CLGf9v8A91z+Wenb/jV6Zgbl9KcAZdFSCeWnaTkC813QSolNyojVY9NK2ZlV8O5zjHNqbLBWQsimMLuto0C9JS1VLT8+SqbcsvZcesljrcRZLHlF+y8iMuXn8ei+JwEAfnQyF7P2Rw0yTxQE+sAArscWYc2kwcVETr6a27LzGHYm6OaOzdE89to7/ETYJqulgie4QNAMg7ajVfFsfrYqzG5m0jugdFh7aL6PxlWOwnCi8v8An1OgHjuF8xwyjBruZl6Ac7z31W/ByGp2/BVEb3suG6rfXYpLW1nwtI28koAJ9llxKo5T7Bt10cBpIqGhnlkbeqmtyvIW1pVlrcPZhOH8lvzJH+srjujbBZj+2y9jjtLBR4PGGy86Z2sh7BeXqIxNUZnaMAV8k0YEGz1pie3oyEn9Avf4bLFDwVJPPrC0tip2ffb+q+dYPJypnyjuwj9wvd4C0YlglDTht2QZS9nlwNwo7KuLxHhbsMo8MfUtcJKlgJHf1WXl+IoWUtXGA3MHMuF9V4xpH10zKmoZrFE7lx+BuvlGMVRrcjslg0WVeMnJvpZVnXRPtqq26vXZGNEjKxUfUtEyoIVxDTSNuSVQRmfp5V1KbB/2VUR3PutIzqH1WUcMrwVLdRKRzr2CqJgu9d0h9SN7usgTY2TIO6d3oSd0ztdEBX9CbdoKQm1wmHosqEOfSCofSET6Gpe1vCDNub+EpOZ4KY6Q/dLGPKDWDWyJPzLIN0NlAL9XhAOT4Vlum5VTTmf9k0kt+kJAsjhssspJdorJCToFLC1kGkYAF0wBOqEbb7pZXBvS1BK3Xc+wV8IG52GiraAB7q0Dlxn3QAkN9FnmJboN1a53ygWpA3oMj9kAL8tgvuVZygGB586quKMyvDjt2TSF9RKIW+gHdIBl9b/oCEjjymvbsrJzlYIGfqUjgMob6Qj5BW0GVwZ9bu660rcsIiH0qrD4WOa+VzbcvZQymS5U9dK5hfVoeyBmOXK1qsip3TOXWocLAZd7L3Wf8jWcRzcPw50z87musvY4NhfMaHZdFZhmEOGpbZi9JRQCKzGNR8tXzzIsp6RoGVrV06WnbFvunhpRHZ5Wrlgi4UdNBjBzaK8ScvQpQ3LHfunij5vUeygHjjzDOVY3qNkQeyDvLUga3ZS1m2UBumQRLI5UyBHhADKgWhOAVLBBkDUwCa47KZr/AEoIuUZrqy1lBbuoU4VpSggVLoLUIUsMuql1COlODUB8JDa+qIPVYJXC+qY1HHwkGqDnWcpnB2QNMQl+pHXcoAgmyBqJglJDXdWiUzRjTO1VObS+UXFw+6QuGX0rL8awvyx/MPgIVFXHAM9Y74Zng6FXPHaV8ki0ytvopzmjdy81W8d8N4a0iR073jw4LiS/i9hzYyKPDpJXDbO0FaTxVN8ke/5jnOGRnM+ytLn2sIHX/wBq+TN/ETifHKkU+H0UVKwn15LWH3XqMPrcbwiH4qorYp5NywuJWk8FsY9ebK9fzHZbGCX/AO1SKnrJ32gpZSf9qzYf+JsOVkFZRNv3exq9FiHGmHQ4QJaGeNlQ/ZndVPFjK+TXCq6g4b/417Y/Y6Fc6o4pw6Fl42Sznwxt15bFMSqcUxEvrmv9rpYxDFZsej391p/FE/yVurPxPwugcc+EVIcP52aLmTfjPJIOXRYTEXna7FVWNi0NQyOdh86rfgP4Xy4u1+KUcToXjVkb+/2Cq+KSaX8l+ltHxrjtdGDPQRQ/ZpC7FDxTJA/PW0bZGezVxKsVFFUfD1XyZBoRsn5osGh7bbvPYAbpziSF86+i4TWcOYteZzZINLkSWAXCx3GopK8wYdBy4Y9OZl0K+V49j8mI4gKXDqjkwRaF4durqHjCaiiFFUt5kdx8wb/upswfK17B2M4nC6SNsrT4XPmxPE54S19Q6G/eN1lS2RtUOdSztmB101VbQ+rqY4qdvMnkPLyePdXzJU21h/6d4xxGdwwzF6qaG1yOabgfotNF8fS1Pwk1RVPmGj+Y7uvpmBUjsGhFM1zhUvHWVoxnAqStpDG3LHVesSD3TtP518/hhkFxJPKX+zl0cNqMSobzUtfKBHq9j3aWXKrKTEMJqgyrY4C+knkLjY/xSGxfAUTrvk0e9nhLC+X69dW/iZFjjxhczrAaGQem6x10McNO3lt9WxGxXgIJIKOlOZjSTe3m6uo+Jq/D7Qzf4mD9yxGT8L5X9ekj5nO+ZlCZtK7G8SZRinbJDfrOXayXD5m49PDBh3zpHb21IX0zDOHaDhukEcr3Pnk1e/wtNyByMX4KfQ4HDNgznERi5jXAo64Vr+W7NHI31hfT56qMYcG0j9Nnnsbrx/GuE0NBw7JV0zmx4jILMA+u+ij5G+ccY4gKqvgoosxjgFvY2O65dFj09FUZH/Mh2IP/AAucyaogjcKzN8Vf6t0o6nknup+f4j4va09ZBVtMtLtuR3C+h/hZRyRRVuKflvN4wT3C+HYYayPG4IaR/wCYQXD273X33CMaoK6mhwmlf8LUxgB42BPkLT7hT7dLFYqbEn8jEYm5DqJhuD914L8SoarAKCigo6htdTSP1ZmuQCF72rbGXMge53T6yV89xDEY8XxswtymGnfkP6aKVa+QUjiZakZbXubeNVZF03HdWPaI+IKuJugJIH7quPSokJ7BLDq26Kr32RCMThm6TFvsvf8A4cTH+D1MR1sQvn9hzA5ey/DOYurq2l86/sFh5Z6df+PPb3wl+UrWydAWYC0VleLaLy69KQ2YjVRL3sopN7qTCXNwt7KxrmSPfnuqcOwyGrNhmYIxbP7rZVOqK2jjdUOyEaFbaJtNRMBY10zCNcju68mSOeOdXUIkp34dN+W5lw87ar5zTxwRTyRc1p5MhufA2XtuIpqmN8MtS7ks5vyxsS3svnnHOItDzHTQckzsyPI0086Kp9tZXmOJcWmxrHeXmvDCAGe5Giyyj+EPyOZbmAanbytOE0Aa/wCIkd8uHrue5XLxKqNVUv8AqG37Lonpeqo5efiQuzmF9gIwvpVJgccOCPa+Jz62QfLt2XhcGkbBjdFz4LEP/uvsNbRw0OFR1E8uSZw06kfI6+f1tHB/09OyR3zoyOZffdeGxaXmzQmPRlivcYpRfGYZVSQudqQSc29l4TEY7yQBrXCMg2KfPaVmHyaPB6br6d+HsJDmSht42Rl7/uAvmOHsJY9p3BAX1nhuVuG8Lgt/McAz99E+uirsRNfi1NimIvZcXLImeGlq+EYjrX1NOHNDmv2X3omXCOCZ5JW5M9j/AEX5+rpOfiE9SzeR90/HfcZ3pjkbZI0WkHulmLlHH0Lv5Z1ZUAtbdUWJF1onzckEqk3ERsriTxdLCe1lVAQbhaAL0RKyUgvKSrlTYucLPyqk2zLTIQH3WU+QqlRhm2z3SSDNJcbJ7dFkAQAAqLEFg25UabpZCL2VdzYgJwYJN3+ydur/AGStHRZWBtm6JiQdEADmUI6ldo1l0tPFcu4CAFigDzHXVrfJRoC3WCiCT0t1BRbrpl3TgiJuU7paZchiVbvZPLICLLOA4OuUaDWMe6ZsemZO0X1KLiA2/ZGkRzg1io9ynJBdm7IxNy/MfsdkwZsYDcxSSSgnV1uynMJcb7JMokegIWmwcP2UzOnOXLZisdIGsyFSAXae3hLQYjRkLdFZ0xw5W+sIDTrPrCqmvI8ZN0qcirrcPRurZWgvjhGqsjdyWEHV6toaZ0bTO9tz2UL+JqgcqnYxjte6NPSmV4AaroIHTVF8uZegw7DusHKo6qpypocJNl6Khw0tZHdt1so6Hlxkluq6mHQHJ1rONIkdJYBrdF0qekbGy5QMRbKLbLaG9KrVRWLudZaIoyErWi60RtSp6m7rJ7ZdFA3qTOGqWAoJ2Tt00QAsU1u6MGoG2T2QRSwJZRBFGAboXuoggDoE3MG2VJohZOQj2uglJsldKfsn8UWnslUFzrugXAaJ886WpmRJBb6lQcw1LVSaumabFshP+5P4X8HyjbGD21SyDcnSyojlfO0tp6OeQ+zklU6XD4ebijvhmdmP0JVc+O1N8kOXAus3VOKWoLbiB1l5DEOL5Dnjwljb9nvaHBeYrqjjusp3ytrYnR/+W0hbT/Gqb5Y+nzOih0qaiOBvl64tRxlwxSzfDR17amovb5b18a/h3EOJYgKeqlqeo6vc85Qve4Lw9hmFwhkbY55yNZn6ro5/x5zPbLvyf09tR4tgWIOAqa3kk7XfZerouGqCSMSwVDaphH0OuvkzqeMw5GsafdczFOIajhmH/AYk41R2ZnJFu+if8c/GXzr6txHxLhXC0IpKOnjOIOFhnaDbsvnU+JVWI1L5a993nWw9I/ReRpeNZK6rbNjEXMksfmCwXooJ4qyHNSStm5nXYbhVOZE9W6kkVBUPAko439vSFzpODIMaxZlLhbeTM/cdrfYLpxxOmeIGfnPNgPdfT+EMChwCm5k2V9dILknsE/pHt4NvDldwhTciWjkkHebLosbpYTGZM7ng6WzL67iEPxQvK9r4ydQf+F43HuBYavPUYfUNgjYy8l7kD9lcufYseSlqqXDaN9dM27WDoHkheCrMaq8QrzUh7ozfoA0Gis4kxWaerNEeiCE2+5Gl1z4gBGHN1Sp49NR8Xyjlw18TXkfWG7fdd9tRGYDUxPa+Mb2Xzps2Z2XLdb8FdW1FeyGmc58N/mDtZA+n0zhDhx2PYl8Y/N8LHsD3X02V01FSGDD3tEgtYDsFzeFcZopMNZh7Gx0z4x/La/7LpiOWKuAETiD9fZVuhhxLh+DHKLLVsb8UBq9jbFfG+N55uH2/wWB3O7PnZ/7r67xxjgwihjp6V/8Aiagakduy+TtpeY+dtW9s5cdSft7qd/SeEY0sZyo3fr5Ttks3I5q6GJcNVELZqmkfzGA+gbgLh8+1mj8za3e6mxWOlSYhV4dNejc55P0f/hfafwybSVdMaisY2HEezDuvluC4PLSsZVVTbSO2YdwvYNkdScuWnfy6vt4/ZPPWDX1KalfNigGXI/8AumkBjruXM2zGet/gLjcOcZNnLKLFYuXORYSaAffyufxljMxiOH0j7vk0Mg8FLL9E5/GfFEGJMkwiniaQejnHcfYr5NiGCzYS8zR5pge69TUU5pYbPlaZiVQIw2L/ABDs4Kf/AIWvIRyO5l3uzgqyBstVMyCmbzJJNLBdLF8LYWMnw/WQnSPcldfhnDRg9OamVlq528b9wO2iQdbhrC/+jQyvjlzVZ3Yf/ZfSMFxKn4u6nPayYDWPuV80p+fV9c+bfut0BlpJ81BPkkG5C0/Br6ZK6DDKSQSNtCNSO+i+Y49jM/EWLGcMkZDTdEY7Zd1rxTjyHE42YRK5rJ47AyfzrmVUUmG5XB7TnCj6FcXGKKHFGcyPokZ38rys5qaJ2Sdjh4Ple1PMkfq2xPYLfh/Dh4olZQTM5YGvM8W7I+AczhChZSx/xKpa0ySDov4K6sxfFMauDNHOOthXSxjhep4dZDG9rpqaKwZIzQLnu5Va8DN0jUkbWT59JsdRvHstFgE0WLRZZ5QWRybLztDmoncwuuKg57/fVeb4qrf4liTKOHSCn7/bRHBMW+f8DWSt2tGVVXOWLGoXQcQ5xoHWWSxjeb916PjSmNPFQTNbq6S39F50m+6gWGRCUKJpCU2YLL1X4by8ni0g/wCYw/2XlSu3wbPyeMKU9nB39lj5Pp1eD7fWT/L4Kh0sjI3LUyBDRzRZeR1fb1J9C46KIFRRox9MwjLWU74atuQWvdWRY9SYPG+AxZxewOiy09XNBSVMr2dDSQOnsvIV2ImscS3Sz15jCRqxytGPVb6mXohpRew00C+UYpWzcQcQPrA5sdFTDIBl7jReu4wrpocNgwymd/ias6keCF4zFy3DmQ0WZoGheBuSd1fK5FGIYiZKYU8PSLnTuUtBhEstA+vydA39rLZh2FyYxicDOU7JpsvetwdlJgNTRZLEs0Cr5NMeOdSs/wCo6GJzm65Tcadl7HHMRdxLjkeG0TbsjY0XH2XhuaY6YWa74rmODD+q91w1QuwhgqXOvM8XJKm9adgz4LUUdNPRhrflxn6fZfLsUI/6Yoej50ZcH9P+pfa5KM1kZxB0tg9huvjtbRtk/iOR12QyCw+6vmocSGQxzeOttwvrGBNjnpYDmvCXtP630C+Twn/Egt1BK+pcEFtWPhHutkkaf2VdFXW/FPHZaTh74F1PyWPF2HTUBfBcwbSB/d6+qfjbjzKrGKfDYm6UkZYf3uvkskrHFjGbWWnjn/JhVRN5AEsmjloiy84AoVUeSY+F38/SVtV/4RnuFkH5IHkrdXSNNDCGrHFlyZTuqhC52WmyqqDpePdNVesMSk6C3ZXCpqh+uioiHYq1xzC5QiGaawbsqiKaT5aqf6U9RIHGw7LOXa3Vwokpu0KADlD3QBu7VqYdWnhUDCzX2COmXRJdMC0Ot5S0RLH1JsxKh1OmyYZc4ypBGN1zHZWG5dYbFFrSHdWyaQWbdqQAHlNyu7pJPJTiz2de6yylxdlQeEdIS6wTx5zuhDFZ13LSHBANGMrepUyHM6w2TudzOlEQoClsXMPsFJXZun6AmqJhEMjFmhvLLl7I0YcgytszsnhHVbuFaW8n0pQ0Z8w77p0lUoDiLN07rSGg2A2CYNa0XKUkdkgrdIWHOeydrmxsL+7lS4XfbsmzA9HdTVcraSHnzXPZdilhdLLYN0Cz4bSOjF/K9Hh9OM1g1TWi/DaKKPqLNV3qalZE4Py6qqihaZczm7LpMiJkUdKi2CLcrfStB0CSCCwW2Cns66lUQAGYNK2ctuXRZg29XYLUAUKQNF1aAqwrQgxAAcpJ6tFAmOqAUhMfSoRdHdqC1LdKiI8IHRtylRqKXQzBKdDbuUSaXyNdBWillMecaDyqg5jncoStMngLSePfpPXcgA3NlC9o3crv4TiczbZOWzyrIOG8jTLWVFmDU7q546y68tZBMwus11yhJV0sLL1VbBSgC/W1cXiLjHDqRz8LwZueQAgybr5/UUUeIDNiD53vfppKQtf4ayvmfQKvjrhCjuH4tFO8do3kf8LzNX+M2FRzGDD8MnnedGHOCL/qF5KfgrDpH5KKVwmOweSdV1MC4KxTAA+qrMN5wI6H5RotePAX8r0dLxpj9XFzJMO5LD5Y3/3XWoeOqnD5GfEYW2a57Mb/AMrzlO18rzNJLZ4/y9lMSxGnwumNTVO6gLsZ5V/x59xn13a95XfizgVHQyRvYykq3M6WG2/6BfOqiursarDWun+JBPQBfKP0XzzEKqTFKx1RO69z0+w7IUuI1eHTD4d7vfur5zn6RuvoQikz5czM53s21kHc/nCCPOXyaABy4tLxVQztEddmp5hs/wD/AEX03gThOVtUzFK35kD9Y1rL60Y9FwlwlT4ZhZnxBjamR41Abtf7rg4/wQxz+fg3MBNyYy4kr2tbWk3hg1aN1gjnFO0zVDuWxupJSkz2XVz0+Q4xXDh/DSypa6Or2EZ3K+c1EstZM6pla7XZfUOMqqk4pxySVkVoGXAK+fYpgE1DeSJ/Mh8BFhc9OZa+iaOeppJh8NI5r/ASMmYx13aWXouGMKdK/wDiVWz5Y/Lv3Wan0r8OMWw2OmY3F2tZXEdBNv7L6MaeGSI1DJ2kuFgAvi8sFPOznzZmPGwY639l1sD4xqsHaIsjp4Sbe4H6p5+k+nUsElVU8o+hgvdeE/EPiCMD+EUD3XH5hY7+nZdvHeNKGn4btSVEYrqkZMncXC+YROklle6X5kxNyVfP9lf6Z/4bBXRcupg1t61wcR4aqqPO6kdz2DUgdl6l0kgbc6NTQt5fUHaHe+qMEr5zGH1cjYovzSbW8r32D0YwfD44WZTUv/M6dQvS8P8A4X0+IxTYrI7kTx9cY7E/ZYsUgnw+pLZ4HB+2fsbJKtUjnU7w6Jzy87AO1XvcM/EKmwXA8uMttNoIybC33XhIpOVGaifoEey8Jj2MyYxX5C75LUX3MpY+i47idRjGJ/FFzZIT6CG7BcvKTnZ4O68hhmPVGHzcmV2enK9ZQzRVEZfSv5gfrbuEk4plby3cxrtGDXwurwrwI3ig1WMcpsYpweX06Pda40CTCcJm4gxWOhpWO9YMp8Ab/wBF9fbSU9LTQ4NRubGIBqR3ISvpUfGmmrpKx5xGn5c46GAtsCPsrxM3KXP/ADDsvpXFGB0mJUYbUxZJGizHjTX9F80x7DKzhGlFTirmugk/Js21x2Roxg4gxeSgw8RS5hNLowjQhczBuKTRjl4i5zmHZ53XBqqqTE6kVErui/QD4VUzua8tc3QBTe/wY9xlixN/xTH8xnYs2SSOYH8nv2C8lQYxU4U9srfyR28r6f8Ah1hWHcWS/H1ErY+UemE7k/dOX1pY2cE8J075jieJtcCPy4T/AP3Zeg4vwOnxblz0UXJnYLXG2g7gL09PSCxa6Llsboz3XKq6SqjqQ1rHPY/sOyJ79ptz0+V1AqKSb4ao+W8/8Lj4vxE+jgNBA5pf3eF9K47q8LgwpmHx5ZsQePWPoXxarwiuw4vmmic+N31rSGqDRIxkmdxmGvuu3hPEMcrRSYpmFiA1+ZeaEmU6OuFZLkc0B/rd6UrNN9Fbh76ysjgpahljsct17/h2nGHS/ByZS4MOeYbXXzvgyqqOEqZlTUQOq/idR/oG3dfVMCxajxqle+mZeZ248K/j6EdCYwR0DxKznh4trrv4uvmPF2BfwvCZ8UoZbA3vHqSvpGIRCiohJM6zI/X7L5nj2KPra8zRNvSM0t2JUTkV8sp5XOEzju65PshUuyRtmb+a3UFejxnACYn11GzKPXIxedo4JMRrIaWNl3OfaypUr3/4jx5OF8EqQ2xLWk/fIF4FpJAvuV9B44JquE2Qf/0kY/cABfPIdYA8/SFBdf2tCKETifoTSE/yKUpa4WvB5TT4zRTDYPsT9ysQzWvlTROcHwnxI3+6y8luOrw/b7vV61Lz5H/CobcMBVgdzqSmm/7jEjiGAtXj+SvT4vorpFFne6yiz1o+jQVwkZmc28BGqyYPhdFWvranLaNt1z28wvfR5uhisx/HKPhzhI01M+9TNpbvqF53HW/bCPnnE2IwQ45JUh+d8IyRj7LnYNgFRiD34xibdAc7ArsMwgy1IrK30F+cgr2knw0s0MTYnGGw0CqdLZuE8HrzHJX07OhpN+nYArt4xSuo4H100rcmX+oW/AqoYXQVVNJFaGZlmfqVxK6VuLUz6BjtybI+R68Fh8UsteaiqbkZnNunsvoGBiLEmxtfLbsuDV0b8OqzA1l7ALq4ZWRUNTBGW6Sb+yUV9u7i9CZ5IcJw6XO+TsvlXEFJ/A+Jq6hlbYEfvovoMUt8bfWB+Tlej3uvI/iTQyQPo8Wmdczg/wDstJ/aL6fOAHiG7dMhX0b8Nq5tJionqXfJETiT720XzuqL5pjEzQXXYoZnx0b42us0aXWvM1LLxrif8R4xxSqzXEspMY8NsvLgND77Hay24jf4w5XXWEucZWMG7iAujnnGV5XiJ3xDCfKtxHWSw8K6sp/hxG06PZukxGVssEfLbrbVbTpFjLUOBgjA7Kpo+cHdgo3ZMrlLAn6qgOHgJL2T66pJfSLLaJpb20TxOEbyVWSlabkhVEVJD0k+VTJ0x+6uGo1VUvUQFcKCLhgKduhUuMoCn06JmhcGjRqUtvZ6byFIjcZUgcasyjujE0Qt13TR2ablNJZ2qQwzTznWdsrPy7tKEDfla7pJjbfdK0Fdq03VUcZvcqA3d1K1vpspCEeEdC3XdMIcrblQQCTVPQraCXJpZeWzL3TTSsgisN1iMhkdmKNCuznPse62CIQNDBuU1PG1vU/uklcGuLnd0aeIXEdI1TxQknMUYYbM5ru6bmgbJ6MGZwb0+FQ64ZfuVHdT7oSauHgJaSRts2xWujpOYeY77KmOMyPazzv9l26SHZvjRJcjfhsGVuXLe679DCYtMu6xYfT5QDlXfpYDm12sotaSLaeIW1bYeV1IWh1nKiOMGGwW2GOzAotPGiGO60R3EoCWEaK2P1oUEcZNWSFoyquG3MeUS7Lv3QNOAm+pVBwc7KGuv/tWsUU0YEkmRjPd4RZRpMtm3QHoJ8KmqqsPpeufFIox4zArizfiBwnSzfDsxHnzE2sGlXzxeivUegBa1uY7JRNHf1J8Lgp8YaJG1rRG/Zi3HDaanlyFudnkLWeJjfI5xmYH2DlXWGKiZzq+XkQ2vcrp41i+D8NYcKqpiaZ/ojzalfKMa4gxPiOs5tS20I/LjGmn/wCiqeDUdeV06r8W+HKKpMMLJKrLpcXA/svNYn+MmLTte3DKVtMz+d9nLYKHDWs5c1Kwki5PhZcF/Dyl4rxcspHOgpI93+Vpx4Izvl1xqar4t4vm51XiMkFOPqAsP6L0dLQ/wtnRWSTEfXnO67VdgtXw5T/DCC8Eelx3XNaGVTw4OsT2K6ePH8Udd66NDxNjtE4BlVnhb67t7d1XxT+LNJXmDD6FzmMItLJ73/8AZeK4p4i5L/4fSOvJtJIF5RkLWx2fqfKrrIm6+hRGkDX/AAz+c+Q3zp7Og1d12XgaPEqqhk+Q64C9xwpicfFeN01BMzksGrn/AGT5TXsOCOF6nGa84jLA6OCM3YT3K+nifLE+BjWP0sQWjZZhC2ipY6LC3NexgscikUZjeGTaZ/WfZLdK3HBx/hPBHYbJilQ74aRtyw5jYu8WC+CcSPxKurzLUddPGckdm6aL6jxxxA/EMROG0j/8NBv7kaLytQ5jomQ8rPfsi6Xy18+a4E5Rug67bv8A5V6iu4agqJLw/LkK4tNg1biOKNw1rHEXs6QN0A8qfiqNPD+DjGKz4qpZ8mPb3svqHDPEddw/V8x8vPoQLCn7j9VynNpsIw2Gjp2NOXQkKkF0kebLoqn9Fa+m4RidJxFUvloX8ubcxnsvNcd8RxVFSzDKR9sv5hHdeIxfGpcBo3/BS8mqqPHhcHDeJA1nLr/X/wBxPfel9vQyAGKw6Mnbymhs6HK5mf2WcTMlYyUOuw7W7q6CGaorGU0DHPkebW9u6W6m+i4ZwHLxXin+Di5ccerz2uNbLq4nhFXgbzRVbMkcejLN/wDZfUcFwiPCcBjoqdtpDYynvmCunw+GsBpKyK7D3KnVa+MRWkY9ma7LboRuhwyjkrJnfLG1/K9djH4d1VLPJWUjv8LHd5Z7BfKOKseOL1jKCOPkxwmx97I/8Vy5lbiNRieIPrruYG+gfZdnDuJflsjq229150XDrdhomytPqboqh17+OdjoObG9skO69RwPw7Lita+skZ/ho7EX2JXyDCn1Yr2MosxudWdrL9DcJ8YUclBHg8jG0szWAuP3Tv8A0ztyvURNe6MNLGxxt2A7pJ8JoMap3UtRS2DtOZ4XQ+FjnhYWS3I2suNxhjkHDXDcjY5W/FyCzAs//FfJ8P8AxIwwYBX/AMPw2d08J9ZF9F4VoYOhvrG6+hwzPmqJJ6rrM291zcT4Rpay8tE/lyHUtWlTOnj3Nu2xVlHNW0NZH8K9we7Yb3TVMFThzzBUM+xXoOFcJY4/Fy6kA5EorX1T8OMaoYqcQ17GwYid/dfQzRCJ7qsubdx0C+IthGRk2bJIzv7r0PCnHlRSVr6HFX8yAbHwneN9xUv4+i1szIaaStnbeOIbL5FxNP8A9RzvqK/rpW/lM2sF6ji3imLGSynweoa+niFpbeQvEzSMqrh7bBhsFM5wV5DEOHyHc3D2OMYN7ZtlyXSuZKYZWZCvoDmiWP5bsjGaFc6owWlxbJRQs/xLjuPdHw0nmsGwl+MYkGf/AC8epPZe2dVGjkhbh/yeVbbvZaq3gyv4JwcMlZzoJRmfIO19ey59K107M7dVc5K/0+l8KfiHTSuGH4s7ISLB69FjeMU2BYaJ4HNqXyA5F8gbLBhtHNUVbLZB0FeYpuM8RlxAzTvdJStPSwqbzntN16OrjfV1clXJm5zjd91nMwEZikdzGH6FbBj1BicLxC7JOfoRbT8iBkkjOuRUc+nmMYwBrohVUOhvYs+6vwfAJYKuOXFIHRkjPGD7L1/DuC1OKYrzDBalp9T4PdfQ5sMwriCmMNXA0ZWFkbxpa/2Stw3yyWuM9T8xlo4+hniy6VFPU4fJHWYc6zA8GQeQmxHhutwGZlHJrQnSObLuFweIMfgwekOGULs88mjz4GxR8w9lj/4kUPEbIcJpOicaSHtcbrg1dG6FrMrrsj3HuF88ijMczJ433kGt/deywbiCPEoTR1brTjRh8pz19Fq8SNa8Pa+47s/4WbB8Cmw7EpMWFPanmJDD2Dr2WyWn5lRDRxN6ydV9VwvBqeXhCTDJG/mA2Phx7o69Q4+O8ZxvGCyzF2UOFreV4aDWjuvd8cxPgwOSkmblfC92T3Gy8HQ64Y++9yoqvzVkT6jL7Ji6odoGowasTt6XoQQcyxDm6pGyHKPZ4/utBdd5VMbeshY9t/G+2YTNz+G8PkGoyf8AKunFqgrn8KO5vBFC7+Uf8rpSWc/7rx/JPb1OHOldY2UVFbKI6t4UWDV7qs5GEQPraiXr2t5XgppZMaxfm5HEA3AXblmfxFxDI9muHwG4vsbJqOGSOvqZ6eJpvdjAF4/HcYyrBC2fDrOgtyz2XquDTSxkyVUF9LC/sstK00eBzc5reY+5suhgPMyCqla0QjtmV/P2NYXRuqK6qcXWgBNh+q5LqN9PaqiZ0NedV1phJPVzNh0BXbxfD6pvDEMNFFnmFyR90fIa8niMUc+HfxB3rbuuNi0Bp209QHdDyvXQ4ca2nfhwa3PbX7rydXRzSSCmmdm5JOi0lacujTUnOnYXfkgarJ+I0NPU8IU0kHWYtB+66GBSvDHxzt00AT8X0jI8IZSQxWG91tL6FfETAQbu0f4V8NRHHSSMdotuKU4hnfMW9Eh3XExINhp8nldHjsS5lcWyTcxjunZX8KYb/FuM6Knf+XHIJH/YFc4i8gjOw1Xpfw+o5qvinM3oGQsB+669mIrdx82KHiqpbSsbyNQCPK8qCA038W/Vew44w84dXGDNne99yfK8WbwtLd7lHHtmpTAKbog2WkiaDdbql0lwR4Tudyoy7yqQCWn3W3KKna6A0eo45W5UdmXVRFS/RZVHsmJsbKHVyuFEGrk0XUHIXs6yhFtB3TAkEyAhOG9STd4A7Ky5c6ykC1pkvbsi3V1ih6dGq2O2W5SpmJyi/YLNIc3UrJJL3HZVxi59lIM5oIBTE5XabpiQDctQa0ukzoB25jq5Auy65lY4hjNVjkvI71aIAZsz7u2TRxiVzh2QA5hDGK2SRsTRENzugQj3X6fCelpXVF3SaMCWKEyPudgt0sjSBy9GDdCmaVx2GjAskjusAd1bVSguu30JIacSuEzthsgLBmiaM/cItBc5CSUzP6W6BGAcwnM61k5LforcbqKKzru9Z/su9h0Ic8ALi0UU8lSyOipZamQm3oK9Nh8lXQ1XKqcJs/ve+id46E7jt0cI/l2XYhjLmGy5QqxmBDMl11IzFRU/PrZ2wQ/pc/opvjqp5I1QxuLLDcLXFq1eWq/xI4cw6UimZJVkdywjVcc/i5d4EWEtYw7PLiFM8dq72+nwt6PU0ffRGHqnyM6z7arw2AV9RxxikYdWuoqU+s//AKr69hmF0OGUYhwzJO/S8mbVXPF/bPryWT048WH1IkLSzUq2PA6k08k0lU2m5YJ1t4911cRl+XJmfyI6fV8nnuvk3F3GVVxFUCjppXR0UWgt9a158EZ3zVRxBxxxHTzSU2DNbO2M2Mmi+e4ljvE+JyluJV8rM242t+y9nRCOiYRtc6d1XJRHE8TFHNTtkMu1tf7Lo48XKf5enz40EtRKymGepmdscxK+g8PcH0ODQslrIuZWyC4u70L2dF+Fv/TdGK2idzqqTXIbdHsubJHyal7q6Jwm8ZTutPjz+J68nX6yyRGOsD6aofHIPC7kn4kycJ4eP4hE2qJ9AzalearsXhwGmkq53N5x/KjGv2Xzasrp8Yr31NQXG50Z4SskRLXtaziml4mxQ19ZUOYfojOwWiCR8gccug2+y+dyQR7FdCgx6vo6lkJ+f4H/AOiculY9xBSvxnFY8Op8xfJa58L7JguEx4HhzKGjgbYjrf7rzP4d0WEUdMaqaVorpBfI/Sy9d8a+V5ELMlu6rfyI+vYywU0bck/WP3XzL8QaWghzswp/LrXjt2Xs8cxiHBaGapmdeYiwHuvlM9VNVzPmqtcx2R9eyvf4+fVOF1tA5z6hl77v3VTXg6ZtF9DqAHUzWVETXwnYLgYnwmyeVn8M/Ok2hGqJPl9qnW/bz9JS1FfVfDUrM9jZx8Duvo2F4fRYRRinhbnmkFnybFU4Nw5iHClG44hRuhnk3fv7LVbmtz5utOTD6rtYVxJiHC1SJKf/ABdNbVhdsuzinHlEcNkfE/l1tQLlh+gFeJdWNpYXyzOyNjF7nvZfPcSxF2MV8lS/oA0aPZT1faZNe75rY3PqXOzmTcpI7PvK532Xk6LHpKRjI5WZ4xuvQ0lVSVbHSQStBI/LOiW6XxxrPNnIpqRvOml0AX1zAeFqHAeDjSVULTV1wIkf3AOoXD/DTh9kUM/EFYy3LFowW9wV6o1j62ctlZfmaD2CJN9Dc9vnXEfBNVg7zU0LviaU6+4/RcWWqZhtA+oqX5CBpGW2uvtFO2GjpTVzO+XHffZfGeN5aTi3FH8r/DGPa3dPonzfEK2XE659VK7/AGhUhvM17rfV4HiGHtOZt4fIXO30Cy2tI00eKVeFSXaM7L7L7D+GVVBiVS/Ea1rYKs6RMPe4/wDdfKsAwWbFK9pOsDNSfsvZh5biQdTt5Zj9BC1551Nx9uEzaOYGRv8AipdX9xdaRKaiQAtvJ39l8vw7jSeGpFNiXz7/AFjWx/RejxbiilwnADVUNU2Sql05eYAi6LwPTNx5xiIWvwWif89w6yOw2svllRgNHWMy1LfnH/MCvbIZa+aqqXuNVPc6+61QgN1c+5T+MhS37ePxDhuooXXhdzo1y4IZauq+Eib8w6a6L6TStzVRaWb7DyvdYF+G2F1tM+sqoGwTyMsw+EXJ9qlfO8IwxmCUbMkTX1R1J8LVNG6b5z/zB4Xcxrg7HcLBLP8AE0wJs/vb7Bc+kdT0lDJV1D7BuhD9NkIs37dnCOOK3g7DH1OIf4mAi0bC7VeXmxgcYYicQfLfMfyS7ay8fxBj0uPYlq9wp2aMHbRcuOSakqOdSvdC9uxCX17E5/H0KS0ri5rclk9KyQyX7LzlFxS2YRsxPS31jVe3wXDqjiOtZDheUw935kysW8NcLs4p4gMdTFelivnPvuF18Z4Omw+omlwmDmQw/RtZe+wDAoeH6DlwttO/8z7rpVFhBy2tbnk7hLfapz69vz+6sllqeW9mSQ7sOllxOI8VdhkIpIW3mk3K+xcc4PhFBg8k0sTX4vJ+W4b/ANPdfn7EqHFIKo1OINc9xPqzX/sq+f8AQ52fbPSVddhjzNDM5pkN3DyvUYbxbDVWgr2ct49J8leVuJXXaq54gBdzvsEfLftWvo8ob8LzW5X5jpZ17fovoHB3CjKGjFfIy88o0eW/rsvlHBkFVhdTFX1OZ8YNxAdnBfecP44wjFIYYnubTvaAAztdO7+RPy9+3SrqbnUAEjWyADUFfPsY4HpJ2SYjhs/wz49TH2P7r6RPTumcx7etjrbLxXHeKcilZh2HZWSPvns7yEuf+h10+HcT4lUVmJfBOzMhj0PuuXJsGw6sXu6yiiqoOXV07dfrGpXmK3hmemvPQO58Pe+hS66v0J1riNzxvzRucCvTcP8AEM1TPDQ1MTp4ydX/AMgXnG55ZhSM6JCbFe8wzDY+H6DlSazyDUpSm+yYXHRNwKCHDHNkYWfMI3W2kwuGBnMa91x2yr5JgDsUwmp+Io6jlxjUx5tF9SwLjTDcZppjVubT1VM0i3Z5tfdTfRTpl4uxSjo8HMNWxshkHQzwvgOM8NzwmTE4W545H5wPAK97xBWVOLYnJPK60d+gey5kUha/lTNzsPZPB8nz+KS7M7fWOyQTvberb0yRlei4k4eNJL8bRN6HdTmBcnAqCXGMXjaxnyYznlvsB3RDfXfwsp6bHKI11a604GQDLuB3Xu56h0F4ImWY3UFfMMPxT+D4lHUUjckcNgWDYgL6tNV0k3DzMYblfHbO6/ZPqqj5H+O0MdN/Dnwf53q/+1fLMPF2TM9l9H4srH8URVb59eSLxe3b+y+cYV/4iRp+39VlerPR/cX0h3Tv9eirhFpCE/1KkIUQLSH7FRG3+I/QrLtr46+rcBO5v4fRu/lsP6rttF5B9l5v8N5b8G1MH/bkavSXy6ryvL9vV8bzGNyiPEXMUVHEzrVnO/RRc2unn6fS5cFbguBS01KemCnJe7uSFq4IwyJ/Dr62SYucPmbdlFF8/PtxsgjfiEshzbE2C6UAqBR8kOszwoojkNIweanpn1rXX02zeF0cI4pY2ikL4yZYwootp6DyFLX1Axmeohlc25WR9BM6onqWSZ3GxOZRRa8NOUwvLW4oxvNcAP8AT4Wvi6pmZGymebucwqKLXn6W8rT4RRV3BdayfqqYSCHZfAJXy2qfzIY2DqNr6+yii6vF+IrjTG0l+5X1f8LMFFRNBI7KMzwFFF0VFXfjPQxYdjkMMernD/lfK78uR4Op2Kii28aPxS7dEbKKLUqzSnM3KgDbRRRa8s6Emr7pZHdACiiqMyNPMlUHrsooqBvqTRm6iiozNaA66tI6NFFEgkLMpse6EzrNLQoolQzZz6VqibooooC2ICTdPIRGzpUUSDE6Rz91XGTJIGeVFE1NszGUMWZu5WSKM1Eod5UUTgjoNYbiLYLNWTZDyGKKJwMz+pwjGy135UYaNrKKIFVRuBfy+7l7PA+FKNjoaqvGdjrdO6ii14+2Pf0+s4DiGG4M6OLDsNha/sdQuTiXCXF2L4pU4h8Y2GJ2zA9u1/sooumSMHOxXDK3hTDXVeNNjkZu0B2bX9F8qxjH6nHsRdPO9wij9EfbTRRRGTFRVExsUfMEbbbro8PYFPxRVE5msom7+dPZRRRzzNa/j6HR0FHTUvwlJA1kLdL91poa2sweWb4GulbHFq4eVFE4z6edx78VKniNow17XU9FH63N1Mlj3Cy4dFHPI59M35Q2Gyiiv6+kfqyqkaycRx6yPcGgHa50X0/hfh6n4ZoWVda1slfUj75L+CFFFQeypInCLnSSuJtey89xnX4XTYW6srKZplGjLAn7KKKZ9nfp8CxbBqjEKp9dzswedGu7LgyuFJIWS7jwoor+/tPP3GeV5cQGaNd2Xv8AhPh2mpKUVdQxss51bfZRRTFOtPG94+Kz8t40aW9rbL0dHx5V8PYdzsSb8TTAaX3/AGCiiv8AGd+3jKjiSfi7EXzZnMjB0Z2Re34WVz5Tm8KKJX6RQJf8Nzy6+cgAeLr6T+HvC8NFAcVq+upl1j75LqKJz6o5+3q8fZHiEDKSvibJfcrweNcGOoKeSsw5zX07AXOa/TZRRE9SY1r4tjeLy41WmBnRGw+jtosLojCLdgooo7+1/SGzAJHbLtcKcOHG601kzhFQwm7iNTp7KKKeRfp9Zwn8RWUzIsEdHekByNdrc/p+i9ph9M6dzZ6Y38300UUW2ST0w+77eR/ELiY8kYDSlzM3qd4vqvDU1I4Dry5/PlRRK/Rfq52WaIwT6tP09lyBwHPi9cyPBXNDn7tLsot+qiiXMjSO83CJMBpf4ZGWtlb63N7qmJvw72tlOa26iiuFVwlp8LpanETHzWHQNPuF84mr5KvFJaxsjmEm7WqKKejjq03EhbZuIQgkbPGpXo6SoZWw82jLvOuiiikV7LgThoY1XfFVDumA3/UL6rBTRzRkFto49B+iiinu+zjUxjnsdFlaYAOsey+GfiLSYfxPiAoMCZ8K2E3k6bZydDv7qKKePunfx8rrcOq8KeYpcpEfhyzxuzi6ii0pRZBTmrqmUrGNMjjYEr6ZwtT4vwXJmopek6vGYaqKJ/ia+n8O/iFh+MxGmxBroax3ZrS4fuvSTMbhmGTV87nObEDlA+yiiy6/430qPjWKYrJi1dJV1MjgJutnew8LkfLnLosuaH6791FF09SMY4mL8NwTkOw08s/ybBcTB8HkrMZbTvLWGJ3Vb2UUWcaPcV0sUDeS6Rx5Y/lWeGCMSxkts93pP3UUWvLLp6Zv4l13BuGOZV3qC7Rn/Gy5tHig4ka/EHFzZJb6eFFEvq3FZ6lZmyPjrH073u5arbzWzcuOV1j9HZRRT0h6em/DrDMRwn+IPjEeIt16dv3Xl6uhraWsEVY5so+l+bVRRRGtvpeeZE4RvfYDwvN8TYqBLFBRl0b29TnjQ6dlFFKHa4cx6PHIBS1Tf8ZENOnQ213Vj4XvqX2dYtNlFENfw0ckpPJLWvfI7l2O2q7NZwe3g6iFRnzQ1bc8oHYnsFFE6lgpzSSU/wAlvS42F2rUOKJIKd3Cr3ucyrHq/kB8KKIU5TqaKmgkhaSQ31fZfN6NvJxidnYEkfuoos+l8/VXRfmlWN3UUV/iDDVDaoBUUWfSuX0L8MXZqXFIewkbb9l6mUnIoovJ8329fxvI8UG9Bm75gooouV0v/9k=', 1, '2025-10-22 19:08:38', '2025-11-24 16:41:55');
INSERT INTO `user` VALUES (4, 'panghu77', 'e10adc3949ba59abbe56e057f20f883e', '18750537583', '厦门理工学院', 3.50, NULL, 1, '2025-10-22 20:22:44', '2025-10-24 17:43:02');

SET FOREIGN_KEY_CHECKS = 1;
